video_id,current_title,new_title,length,playlists
JDqbpISJjIA,அதிகாரம் 125 - நெஞ்சறிவுறுத்தல் (பகுதி 1),அதிகாரம் 125 - நெஞ்சறிவுறுத்தல் (பகுதி 1) | Nenjari Vuruthal I [Full Song Film],79,Other Songs; Discography; திருக்குறள் | Thirukkural — Master Collection
7wJJCQrYo04,அதிகாரம் 125 - நெஞ்சறிவுறுத்தல் (பகுதி 2),அதிகாரம் 125 - நெஞ்சறிவுறுத்தல் (பகுதி 2) | Nenjari Vuruthal II [Full Song Film],80,Other Songs; Discography; திருக்குறள் | Thirukkural — Master Collection
aSQrSHA4YtU,அதிகாரம் 16 - பொறையுடைமை | Poraiyudaimai Full Song Film,அதிகாரம் 16 - பொறையுடைமை | Poraiyudaimai [Full Song Film],57,Other Songs; Discography; திருக்குறள் | Thirukkural — Master Collection
Y3xujLwXuBs,அதிகாரம் 32 - இன்னா செய்யாமை (இன்னா செய்தாரை),அதிகாரம் 32 - இன்னா செய்யாமை | Inna Seidharai [Cinematic Thirukkural Film],74,Other Songs; Discography; திருக்குறள் | Thirukkural — Master Collection
HRN77i6Kio8,அதிகாரம் 45 - பெரியாரைத் துணைக்கோடல் (Remix) | Periyarai Thunaikodal Remix Cinematic Thirukkural ...,அதிகாரம் 45 - பெரியாரைத் துணைக்கோடல் (Remix) | Periyarai Thunaikodal,68,Discography; திருக்குறள் | Thirukkural — Master Collection
dthZW-Wo8IU,அதிகாரம் 70 - மன்னரைச் சேர்ந்தொழுதல் (Female) | Mannarai Sernthozhuthal Female Cinematic Thirukku...,அதிகாரம் 70 - மன்னரைச் சேர்ந்தொழுதல் (Female) | Mannarai Sernthozhuthal,71,Discography; திருக்குறள் | Thirukkural — Master Collection
QXhT9uoA7_w,Thirukkural Agara Muthala (அகர முதல எழுத்தெல்லாம்),அதிகாரம் 1 - கடவுள் வாழ்த்து | Kadavul Vazhthu [Full Song Film],63,Other Songs; Discography; திருக்குறள் | Thirukkural — Master Collection
tX4JtRSOuxE,Thirukkural Vaan Sirappu (வான் சிறப்பு),அதிகாரம் 2 - வான் சிறப்பு | Vaan Sirappu [Full Song Film],57,Other Songs; Discography; திருக்குறள் | Thirukkural — Master Collection
6ofQ9hrD1RQ,Thirukkural Vaazkkai Thunai (வாழ்க்கை துணை),அதிகாரம் 6 - வாழ்க்கைத் துணைநலம் | Vaazkkai Thunai [Full Song Film],67,Other Songs; Discography; திருக்குறள் | Thirukkural — Master Collection
jBA9wlyNjAE,அமைச்சு (Original),அதிகாரம் 64 - அமைச்சு (Original) | Amaichu [Original Audio],59,Discography; திருக்குறள் | Thirukkural — Master Collection
FGFVertqRUU,அமைச்சு (Remix),அதிகாரம் 64 - அமைச்சு (Remix) | Amaichu [Remix Audio],53,Discography; திருக்குறள் | Thirukkural — Master Collection
IiZoud1sP2o,அரண் (Original),அதிகாரம் 75 - அரண் (Original) | Aran [Original Audio],53,Discography; திருக்குறள் | Thirukkural — Master Collection
YBmfJyQNSCY,அரண் (Symphony),அதிகாரம் 75 - அரண் (Symphony) | Aran [Symphony],47,Discography; திருக்குறள் | Thirukkural — Master Collection
FkQqysk6vmE,அறிவுடைமை (Original),அதிகாரம் 43 - அறிவுடைமை (Original) | Arivudaimai [Original Audio],65,Discography; திருக்குறள் | Thirukkural — Master Collection
bUepGv6PJQA,அறிவுடைமை (Pop),அதிகாரம் 43 - அறிவுடைமை (Pop) | Arivudaimai [Full Song Film],60,Discography; திருக்குறள் | Thirukkural — Master Collection
0bz1myKXoJQ,அறிவுடைமை (Remix),அதிகாரம் 43 - அறிவுடைமை (Remix) | Arivudaimai [Remix Audio],59,Discography; திருக்குறள் | Thirukkural — Master Collection
kdZSlrXEfvs,அவை அஞ்சாமை (Female),அதிகாரம் 73 - அவையஞ்சாமை (Female) | Avai Anjaamai [Full Song Film],66,Discography; திருக்குறள் | Thirukkural — Master Collection
FrZmyvY3sEc,அவை அஞ்சாமை (Original),அதிகாரம் 73 - அவையஞ்சாமை (Original) | Avai Anjaamai [Original Audio],68,Discography; திருக்குறள் | Thirukkural — Master Collection
t9Ke0-KMTyM,அவை அஞ்சாமை (Symphony),அதிகாரம் 73 - அவையஞ்சாமை (Symphony) | Avai Anjaamai [Symphony],62,Discography; திருக்குறள் | Thirukkural — Master Collection
9mOpq9daQVs,அவையறிதல் (Original),அதிகாரம் 72 - அவையறிதல் (Original) | Avaiyarithal [Original Audio],66,Discography; திருக்குறள் | Thirukkural — Master Collection
HxxLl5p1t0A,அவையறிதல் (Sad),அதிகாரம் 72 - அவையறிதல் (Sad) | Avaiyarithal [Full Song Film],61,Discography; திருக்குறள் | Thirukkural — Master Collection
um09tyT-2p0,ஆள்வினையுடைமை (Original),அதிகாரம் 62 - ஆள்வினையுடைமை (Original) | Aalvinaiyudaimai [Original Audio],74,Discography; திருக்குறள் | Thirukkural — Master Collection
37qaN4sG53k,ஆள்வினையுடைமை (Remix),அதிகாரம் 62 - ஆள்வினையுடைமை (Remix) | Aalvinaiyudaimai [Remix Audio],68,Discography; திருக்குறள் | Thirukkural — Master Collection
L-FvFZeT_cQ,இடனறிதல் (Original),அதிகாரம் 50 - இடனறிதல் (Original) | Idanarithal [Original Audio],64,Discography; திருக்குறள் | Thirukkural — Master Collection
0DoegY9d0ZM,இடனறிதல் (Remix),அதிகாரம் 50 - இடனறிதல் (Remix) | Idanarithal [Remix Audio],58,Discography; திருக்குறள் | Thirukkural — Master Collection
B9N2j7r2KkI,இடுக்கண் அழியாமை (Original),அதிகாரம் 63 - இடுக்கண் அழியாமை (Original) | Idukkan Azhiyaamai [Original Audio],79,Discography; திருக்குறள் | Thirukkural — Master Collection
ulW6fg4lkYA,இடுக்கண் அழியாமை (Remix),அதிகாரம் 63 - இடுக்கண் அழியாமை (Remix) | Idukkan Azhiyaamai [Remix Audio],73,Discography; திருக்குறள் | Thirukkural — Master Collection
nHj4Q196kU4,ஊக்கமுடைமை (Original),அதிகாரம் 60 - ஊக்கமுடைமை (Original) | Ookkamudaimai [Original Audio],68,Discography; திருக்குறள் | Thirukkural — Master Collection
FXMVQIidbJU,ஊக்கமுடைமை (Remix),அதிகாரம் 60 - ஊக்கமுடைமை (Remix) | Ookkamudaimai [Remix Audio],62,Discography; திருக்குறள் | Thirukkural — Master Collection
cn776n6oKXQ,ஒற்றாடல் (Original),அதிகாரம் 59 - ஒற்றாடல் (Original) | Ottraadal [Original Audio],62,Discography; திருக்குறள் | Thirukkural — Master Collection
tj_5hsasdyU,ஒற்றாடல் (Remix),அதிகாரம் 59 - ஒற்றாடல் (Remix) | Ottraadal [Remix Audio],56,Discography; திருக்குறள் | Thirukkural — Master Collection
SI8ItN6nqck,கண்ணோட்டம் (Original),அதிகாரம் 58 - கண்ணோட்டம் (Original) | Kannottam [Original Audio],64,Discography; திருக்குறள் | Thirukkural — Master Collection
Vj6wcfC3rPk,கண்ணோட்டம் (Remix),அதிகாரம் 58 - கண்ணோட்டம் (Remix) | Kannottam [Remix Audio],58,Discography; திருக்குறள் | Thirukkural — Master Collection
E7yfNOiwJmM,கண்ணோட்டம் (Symphony),அதிகாரம் 58 - கண்ணோட்டம் (Symphony) | Kannottam [Symphony],58,Discography; திருக்குறள் | Thirukkural — Master Collection
h4Pc0KxvnRo,கள்ளாமை (Original),அதிகாரம் 29 - கள்ளாமை (Original) | Kallaamai [Original Audio],61,Discography; திருக்குறள் | Thirukkural — Master Collection
jXOalu0JJoA,கள்ளாமை (Symphony),அதிகாரம் 29 - கள்ளாமை (Symphony) | Kallaamai [Symphony],55,Discography; திருக்குறள் | Thirukkural — Master Collection
diUv8fkOqv0,காலமறிதல் (Original),அதிகாரம் 49 - காலமறிதல் (Original) | Kaalamarithal [Original Audio],67,Discography; திருக்குறள் | Thirukkural — Master Collection
cUt716Zafy0,காலமறிதல் (Remix),அதிகாரம் 49 - காலமறிதல் (Remix) | Kaalamarithal [Remix Audio],61,Discography; திருக்குறள் | Thirukkural — Master Collection
6hfla_PRW40,குறிப்பறிதல் (Original),அதிகாரம் 71 - குறிப்பறிதல் (Original) | Kuripparithal [Original Audio],70,Discography; திருக்குறள் | Thirukkural — Master Collection
GN181JJ1lXU,குறிப்பறிதல் (Remix),அதிகாரம் 71 - குறிப்பறிதல் (Remix) | Kuripparithal [Remix Audio],64,Discography; திருக்குறள் | Thirukkural — Master Collection
K35B1jST2xw,குறிப்பறிதல் (Symphony),அதிகாரம் 71 - குறிப்பறிதல் (Symphony) | Kuripparithal [Symphony],64,Discography; திருக்குறள் | Thirukkural — Master Collection
2_TfLljo1qg,குற்றங்கடிதல் (Original),அதிகாரம் 44 - குற்றங்கடிதல் (Original) | Kuttrangadithal [Original Audio],73,Discography; திருக்குறள் | Thirukkural — Master Collection
OzejLLvDq5s,குற்றங்கடிதல் (Remix),அதிகாரம் 44 - குற்றங்கடிதல் (Remix) | Kuttrangadithal [Remix Audio],67,Discography; திருக்குறள் | Thirukkural — Master Collection
mvOSVEFhvDc,கூடா ஒழுக்கம் (Original),அதிகாரம் 28 - கூடா ஒழுக்கம் (Original) | Kooda Ozhukkam [Original Audio],72,Discography; திருக்குறள் | Thirukkural — Master Collection
NxZf0eRutEY,கூடா ஒழுக்கம் (Symphony),அதிகாரம் 28 - கூடா ஒழுக்கம் (Symphony) | Kooda Ozhukkam [Symphony],66,Discography; திருக்குறள் | Thirukkural — Master Collection
3CICxCn-4A0,கேள்விச் செல்வம் (Original),அதிகாரம் 42 - கேள்வி (Original) | Kelvi Selvam [Original Audio],63,Discography; திருக்குறள் | Thirukkural — Master Collection
r75xdfETSbE,கேள்விச் செல்வம் (Remix),அதிகாரம் 42 - கேள்வி (Remix) | Kelvi Selvam [Remix Audio],57,Discography; திருக்குறள் | Thirukkural — Master Collection
tqF2NBWp6_8,கொடுங்கோன்மை (Original),அதிகாரம் 56 - கொடுங்கோன்மை (Original) | Kodungonmai [Original Audio],68,Discography; திருக்குறள் | Thirukkural — Master Collection
01g0sJdaL2I,கொடுங்கோன்மை (Remix),அதிகாரம் 56 - கொடுங்கோன்மை (Remix) | Kodungonmai [Remix Audio],62,Discography; திருக்குறள் | Thirukkural — Master Collection
5-z9v-1INWg,சிற்றினம் சேராமை (Original),அதிகாரம் 46 - சிற்றினம் சேராமை (Original) | Sittrinam Seramai [Original Audio],78,Discography; திருக்குறள் | Thirukkural — Master Collection
UyCe3KLqY_8,சிற்றினம் சேராமை (Remix),அதிகாரம் 46 - சிற்றினம் சேராமை (Remix) | Sittrinam Seramai [Remix Audio],72,Discography; திருக்குறள் | Thirukkural — Master Collection
pTxTsQzF8Xs,சுற்றந்தழால் (Original),அதிகாரம் 53 - சுற்றந்தழால் (Original) | Suttranthazhaal [Original Audio],72,Discography; திருக்குறள் | Thirukkural — Master Collection
9-SvikTz2FU,சுற்றந்தழால் (Remix),அதிகாரம் 53 - சுற்றந்தழால் (Remix) | Suttranthazhaal [Remix Audio],66,Discography; திருக்குறள் | Thirukkural — Master Collection
sScywbUNArA,செங்கோன்மை (Original),அதிகாரம் 55 - செங்கோன்மை (Original) | Sengonmai [Original Audio],64,Discography; திருக்குறள் | Thirukkural — Master Collection
5coBrJy6a5M,செங்கோன்மை (Remix),அதிகாரம் 55 - செங்கோன்மை (Remix) | Sengonmai [Remix Audio],58,Discography; திருக்குறள் | Thirukkural — Master Collection
NIvQ6yD1wnY,சொல்வன்மை (Original),அதிகாரம் 65 - சொல்வன்மை (Original) | Solvanmai [Original Audio],63,Discography; திருக்குறள் | Thirukkural — Master Collection
q2oGlYiV-qg,சொல்வன்மை (Remix),அதிகாரம் 65 - சொல்வன்மை (Remix) | Solvanmai [Remix Audio],57,Discography; திருக்குறள் | Thirukkural — Master Collection
_Ceq0AzIQ9c,திருக்குறள் -  கல்வி,அதிகாரம் 40 - கல்வி | Kalvi [Full Song Film],44,Discography; திருக்குறள் | Thirukkural — Master Collection
EChaj0wXk_0,திருக்குறள் - அருளுடைமை,அதிகாரம் 25 - அருளுடைமை | Aruludaimai [Full Song Film],54,Discography; திருக்குறள் | Thirukkural — Master Collection
C7PTFCAFIRI,திருக்குறள் - அவா அறுத்தல்,அதிகாரம் 37 - அவாவறுத்தல் | Avaa Aruththal [Full Song Film],59,Discography; திருக்குறள் | Thirukkural — Master Collection
K6mhIh64XE8,திருக்குறள் - இறை மாட்சி,அதிகாரம் 39 - இறைமாட்சி | Irai Maatchi [Full Song Film],55,Discography; திருக்குறள் | Thirukkural — Master Collection
scUcWDtCge8,திருக்குறள் - ஊழ் வினை,அதிகாரம் 38 - ஊழ் | Oozh Vinai [Full Song Film],47,Discography; திருக்குறள் | Thirukkural — Master Collection
kA_mQ4bRB2E,திருக்குறள் - கடவுள் வாழ்த்து,அதிகாரம் 1 - கடவுள் வாழ்த்து | Kadavul Vazhthu [Full Song Film],63,Discography; திருக்குறள் | Thirukkural — Master Collection
9YAr421Ft00,திருக்குறள் - கல்லாமை,அதிகாரம் 41 - கல்லாமை | Kallaamai [Full Song Film],50,Discography; திருக்குறள் | Thirukkural — Master Collection
rBeSH7tNEzA,திருக்குறள் - கொல்லாமை,அதிகாரம் 33 - கொல்லாமை | Kollaamai [Full Song Film],51,Discography; திருக்குறள் | Thirukkural — Master Collection
IEk-wwY3rC8,திருக்குறள் - தவம்,அதிகாரம் 27 - தவம் | Thavam [Full Song Film],44,Discography; திருக்குறள் | Thirukkural — Master Collection
YL6ocN5OMzI,திருக்குறள் - நிலையாமை 2026,அதிகாரம் 34 - நிலையாமை | Nilaiyaamai [Full Song Film],53,Discography; திருக்குறள் | Thirukkural — Master Collection
h2q-ADrbBc4,திருக்குறள் - புலால் உண்ணாமை,அதிகாரம் 26 - புலால் உண்ணாமை | Pulaal Unnaamai [Full Song Film],63,Discography; திருக்குறள் | Thirukkural — Master Collection
A86cP9ae6Vs,திருக்குறள் - மெய்யுணர்தல்,அதிகாரம் 36 - மெய்யுணர்தல் | Meyyunarithal [Full Song Film],59,Discography; திருக்குறள் | Thirukkural — Master Collection
WM8EPZ4KK2s,திருக்குறள் - வெகுளாமை 2026,அதிகாரம் 31 - வெகுளாமை | Vegulaamai [Full Song Film],52,Discography; திருக்குறள் | Thirukkural — Master Collection
lneosghJWgs,திருக்குறள் அன்புடைமை,அதிகாரம் 8 - அன்புடைமை | Anbudaimai [Full Song Film],52,Discography; திருக்குறள் | Thirukkural — Master Collection
v_dsHTOvKP8,திருக்குறள் இல்வாழ்க்கை,அதிகாரம் 5 - இல்வாழ்க்கை | Ilvaazhkkai [Full Song Film],55,Discography; திருக்குறள் | Thirukkural — Master Collection
QAv04nxeH4c,துறவு (Female),அதிகாரம் 35 - துறவு (Female) | Thuravu [Full Song Film],55,Discography; திருக்குறள் | Thirukkural — Master Collection
WKCMHUFbf2Q,துறவு (Original),அதிகாரம் 35 - துறவு (Original) | Thuravu [Original Audio],57,Discography; திருக்குறள் | Thirukkural — Master Collection
LjiR9PIRl8o,துறவு (Rock),அதிகாரம் 35 - துறவு (Rock) | Thuravu [Full Song Film],53,Discography; திருக்குறள் | Thirukkural — Master Collection
rq7PXPBI7SA,துறவு (Symphony),அதிகாரம் 35 - துறவு (Symphony) | Thuravu [Symphony],51,Discography; திருக்குறள் | Thirukkural — Master Collection
aBA50x-gDME,தூது (Original),அதிகாரம் 69 - தூது (Original) | Thoothu [Original Audio],56,Discography; திருக்குறள் | Thirukkural — Master Collection
RY7nPGorS94,தூது (Remix),அதிகாரம் 69 - தூது (Remix) | Thoothu [Remix Audio],50,Discography; திருக்குறள் | Thirukkural — Master Collection
mpgnALSm7wk,தெரிந்து செயல்வகை (Female),அதிகாரம் 47 - தெரிந்து செயல்வகை (Female) | Therinthu Seyalvagai [Full Song Film],80,Discography; திருக்குறள் | Thirukkural — Master Collection
OqRZLEMvx8s,தெரிந்து செயல்வகை (Original),அதிகாரம் 47 - தெரிந்து செயல்வகை (Original) | Therinthu Seyalvagai [Original Audio],82,Discography; திருக்குறள் | Thirukkural — Master Collection
hrg_nAlW7VQ,தெரிந்து தெளிதல் (Original),அதிகாரம் 51 - தெரிந்து தெளிதல் (Original) | Therinthu Thelithal [Original Audio],80,Discography; திருக்குறள் | Thirukkural — Master Collection
tLt9J-X9WOE,தெரிந்து தெளிதல் (Remix),அதிகாரம் 51 - தெரிந்து தெளிதல் (Remix) | Therinthu Thelithal [Remix Audio],74,Discography; திருக்குறள் | Thirukkural — Master Collection
5uRYFxhT32k,தெரிந்து வினையாடல் (Original),அதிகாரம் 52 - தெரிந்து வினையாடல் (Original) | Therinthu Vinaiyaadal [Original Audio],84,Discography; திருக்குறள் | Thirukkural — Master Collection
F-aVgFOdKFo,தெரிந்து வினையாடல் (Remix),அதிகாரம் 52 - தெரிந்து வினையாடல் (Remix) | Therinthu Vinaiyaadal [Remix Audio],78,Discography; திருக்குறள் | Thirukkural — Master Collection
nf8EO1GdKlY,நாடு (Original),அதிகாரம் 74 - நாடு (Original) | Naadu [Original Audio],54,Discography; திருக்குறள் | Thirukkural — Master Collection
RAUafMVpT5k,நாடு (Remix),அதிகாரம் 74 - நாடு (Remix) | Naadu [Remix Audio],48,Discography; திருக்குறள் | Thirukkural — Master Collection
aTFvlXMPBSE,பெரியாரைத் துணைக்கோடல் (Original),அதிகாரம் 45 - பெரியாரைத் துணைக்கோடல் (Original) | Periyarai Thunaikodal [Original Audio],88,Discography; திருக்குறள் | Thirukkural — Master Collection
2Pun6K7h984,பெரியாரைத் துணைக்கோடல் (Remix),அதிகாரம் 45 - பெரியாரைத் துணைக்கோடல் (Remix) | Periyarai Thunaikodal [Remix Audio],82,Discography; திருக்குறள் | Thirukkural — Master Collection
O0hASl4BS2c,பொச்சாவாமை (Original),அதிகாரம் 54 - பொச்சாவாமை (Original) | Pochavaamai [Original Audio],66,Discography; திருக்குறள் | Thirukkural — Master Collection
DhHGetUJlAI,பொச்சாவாமை (Remix),அதிகாரம் 54 - பொச்சாவாமை (Remix) | Pochavaamai [Remix Audio],60,Discography; திருக்குறள் | Thirukkural — Master Collection
GfGlO3RQuik,மடியின்மை (Original),அதிகாரம் 61 - மடியின்மை (Original) | Madiyinmai [Original Audio],64,Discography; திருக்குறள் | Thirukkural — Master Collection
Fh3HfGUObmg,மடியின்மை (Remix),அதிகாரம் 61 - மடியின்மை (Remix) | Madiyinmai [Remix Audio],58,Discography; திருக்குறள் | Thirukkural — Master Collection
zq1dxg5R-rY,மன்னரைச் சேர்ந்தொழுதல் (Female),அதிகாரம் 70 - மன்னரைச் சேர்ந்தொழுதல் (Female) | Mannarai Sernthozhuthal [Full Song Film],88,Discography; திருக்குறள் | Thirukkural — Master Collection
u9NeXaCHu-A,மன்னரைச் சேர்ந்தொழுதல் (Original),அதிகாரம் 70 - மன்னரைச் சேர்ந்தொழுதல் (Original) | Mannarai Sernthozhuthal [Original Audio],90,Discography; திருக்குறள் | Thirukkural — Master Collection
Js6Vepbegr8,வலியறிதல் (Original),அதிகாரம் 48 - வலியறிதல் (Original) | Valiyarithal [Original Audio],66,Discography; திருக்குறள் | Thirukkural — Master Collection
FS5fUOxZySE,வலியறிதல் (Remix),அதிகாரம் 48 - வலியறிதல் (Remix) | Valiyarithal [Remix Audio],60,Discography; திருக்குறள் | Thirukkural — Master Collection
BoOWFaOGczE,வாய்மை (Original),அதிகாரம் 30 - வாய்மை (Original) | Vaaymai [Original Audio],58,Discography; திருக்குறள் | Thirukkural — Master Collection
R-5gWfRNMts,வாய்மை (Remix),அதிகாரம் 30 - வாய்மை (Remix) | Vaaymai [Remix Audio],52,Discography; திருக்குறள் | Thirukkural — Master Collection
MvwT6dnGE0U,வினைசெயல்வகை (Female),அதிகாரம் 68 - வினைசெயல்வகை (Female) | Vinai Seyalvagai [Full Song Film],71,Discography; திருக்குறள் | Thirukkural — Master Collection
gBRvVKE_so8,வினைசெயல்வகை (Original),அதிகாரம் 68 - வினைசெயல்வகை (Original) | Vinai Seyalvagai [Original Audio],73,Discography; திருக்குறள் | Thirukkural — Master Collection
--4jzoezBW8,வினைத்திட்பம் (Original),அதிகாரம் 67 - வினைத்திட்பம் (Original) | Vinai Thitpam [Original Audio],71,Discography; திருக்குறள் | Thirukkural — Master Collection
J-mAIpyxy4A,வினைத்திட்பம் (Remix),அதிகாரம் 67 - வினைத்திட்பம் (Remix) | Vinai Thitpam [Remix Audio],65,Discography; திருக்குறள் | Thirukkural — Master Collection
cj6mlDwjJEo,வினைத்தூய்மை (Original),அதிகாரம் 66 - வினைத்தூய்மை (Original) | Vinai Thooymai [Original Audio],71,Discography; திருக்குறள் | Thirukkural — Master Collection
XRizXIUU57g,வினைத்தூய்மை (Remix),அதிகாரம் 66 - வினைத்தூய்மை (Remix) | Vinai Thooymai [Remix Audio],65,Discography; திருக்குறள் | Thirukkural — Master Collection
8wZGK0nGTEo,வினைத்தூய்மை (Slow),அதிகாரம் 66 - வினைத்தூய்மை (Slow) | Vinai Thooymai [Full Song Film],67,Discography; திருக்குறள் | Thirukkural — Master Collection
hjcH8zbEleE,வெருவந்த செய்யாமை (Original),அதிகாரம் 57 - வெருவந்த செய்யாமை (Original) | Veruvandha Seyyaamai [Original Audio],82,Discography; திருக்குறள் | Thirukkural — Master Collection
PmziMZrMHfE,வெருவந்த செய்யாமை (Remix),அதிகாரம் 57 - வெருவந்த செய்யாமை (Remix) | Veruvandha Seyyaamai [Remix Audio],76,Discography; திருக்குறள் | Thirukkural — Master Collection
IuZ6Qe-aiYI,Achcho Pathigam | Cinematic Lord Shiva Devotional Film,அச்சோப் பதிகம் (திருவாசகம்) | Achcho Pathigam [Cinematic Shiva Film],68,Discography; Lord Shiva Songs
h39OlLt4N9A,சிவபுராணம் | திருவாசகம் (மாணிக்கவாசகர்) | Sivapuranam Devotional Film,சிவபுராணம் | Sivapuranam [Devotional Story Film],48,Discography; Lord Shiva Songs
JzGTK1V3dkM,மந்திரமாவது நீறு | திருஞானசம்பந்தர் தேவாரம் (திருநீற்றுப் பதிகம்),திருநீற்றுப் பதிகம் | Thiruneetru Pathigam [Cinematic Shiva Film],65,Discography; Lord Shiva Songs
BbDNJdLDy-4,திருப்புலம்பல் 2026 | திருவாசகம் | Tamil Shiva Devotional,திருப்புலம்பல் 2026 (திருவாசகம்) | Thiruppulambal [Cinematic Shiva Film],72,Discography; Lord Shiva Songs
2Gbhx6SwH-M,திருவோத்தூர் பதிகம் - பூத்தேர்ந்து... | Thiruvothur Pathigam Cinematic Shiva Film,திருவோத்தூர் பதிகம் - பூத்தேர்ந்து ஆயன | Thiruvothur Pathigam [Cinematic Shiva Film],84,Lord Shiva Songs
xGb7ZXDRvVU,துஞ்சலும் துஞ்சல் | அப்பர் தேவாரம் நமச்சிவாயப் பதிகம்,துஞ்சலும் துஞ்சல் | Tunjalum Tunjal [Cinematic Shiva Film],58,Discography; Lord Shiva Songs
o2cv5Oaii4M,தென்னாடுடைய சிவனே போற்றி | New Cinematic Journey,தென்னாடுடைய சிவனே போற்றி | Thennadudaiya Sivaney Potri [Cinematic Journey],74,Discography; Lord Shiva Songs
mb-lljpUJ5g,தென்னாடுடைய சிவனே போற்றி | Thennadudaiya Sivaney Potri,தென்னாடுடைய சிவனே போற்றி | Thennadudaiya Sivaney Potri [Cinematic Shiva Film],77,Discography; Lord Shiva Songs
cKyT1Cv7zEA,மாசில் வீணையும் | அப்பர் தேவாரம் (5-ஆம் திருமுறை),மாசில் வீணையும் | Maasil Veenaiyum [Cinematic Shiva Film],57,Discography; Lord Shiva Songs
_6amHDAc8EI,வேதஸார சிவ ஸ்தோத்ரம் | ஆதிசங்கரர் | Tamil Shiva Devotional,வேதஸார சிவ ஸ்தோத்ரம் | Vedasaara Shiva Stotram [Cinematic Shiva Film],69,Discography; Lord Shiva Songs
2QOF2ycA4RQ,Aadhi Yogeeswarar Naama Oli Saranam,ஆதி யோகீஸ்வரர் நாம ஒளி சரணம் | Aadhi Yogeeswarar [Cinematic Shiva Film],71,Discography; Lord Shiva Songs
M4KRTTyoD_A,Achcho Pathigam,அச்சோப் பதிகம் (திருவாசகம்) | Achcho Pathigam [Cinematic Shiva Film],68,Discography; Lord Shiva Songs
7WnikKPxo-k,Anandha Maalai,ஆனந்த மாலை | Anandha Maalai [Cinematic Devotional Film],55,Discography; Lord Shiva Songs
I70WNnsVXtY,Kalla Pizhaiyum,Kalla Pizhaiyum | Kalla Pizhaiyum [Cinematic Shiva Film],56,Discography; Lord Shiva Songs
nSQKZ2htJ-o,Maasil Veenaiyum,Maasil Veenaiyum | Maasil Veenaiyum [Cinematic Shiva Film],58,Discography; Lord Shiva Songs
P-gtNBy8sRE,Mandhiram Aavadhu Neeru,Mandhiram Aavadhu Neeru | Mandhiram Aavadhu Neeru [Cinematic Shiva Film],72,Discography; Lord Shiva Songs
rr1zamJEIdg,Pandaaya Naanmarai,பண்டாய நான்மறை | Pandaaya Naanmarai [Cinematic Shiva Film],58,Discography; Lord Shiva Songs
Y0tOS_2Azxs,Siva Puranam 2026 (II) Thiruvasagam,சிவபுராணம் 2026 (II) | Sivapuranam II [Cinematic Shiva Film],60,Discography; Lord Shiva Songs
XwlGJp3gqCc,Thennadudaiya Sivaney Potri,தென்னாடுடைய சிவனே போற்றி | Thennadudaiya Sivaney Potri [Cinematic Shiva Film],77,Discography; Lord Shiva Songs
l-JJXW1QKdg,Thillai Vazh Anthanar Tham,Thillai Vazh Anthanar Tham | Thillai Vazh Anthanar Tham [Cinematic Shiva Film],78,Discography; Lord Shiva Songs
J2-tBRFihEQ,Thiru Pallaandu,Thiru Pallaandu | Thiru Pallaandu [Cinematic Shiva Film],56,Discography; Lord Shiva Songs
J7sfVqWuxyU,Thiruvaiyaaru Thirumurai,Thiruvaiyaaru Thirumurai | Thiruvaiyaaru Thirumurai [Cinematic Shiva Film],74,Discography; Lord Shiva Songs
nGBmGzsD-kM,create album cover for திருவருட்பா - இரண்டாம்...,திருவருட்பா - கொடைமடப் புகழ்ச்சி | Kodaimada Pugazhchi [Full Song],66,Discography; Lord Shiva Songs
y7TMSgzWf8o,அன்னம் பாலிக்கும் தில்லை!,அன்னம் பாலிக்கும் தில்லை | Annam Paalikkum Thillai [Cinematic Shiva Film],73,Discography; Lord Shiva Songs
nsWHXJGDYA8,அன்னைப்பத்து (2026) திருவாசகம்,அன்னைப்பத்து 2026 (திருவாசகம்) | Annaippathu [Cinematic Shiva Film],67,Discography; Lord Shiva Songs
8HUmRJKyxTc,அவிநாசி பத்து!,அவிநாசி பத்து | அவிநாசி பத்து [Cinematic Shiva Film],52,Discography; Lord Shiva Songs
r3APrd3opOs,ஆதியும் அந்தமும் (திருவெம்பாவை),ஆதியும் அந்தமும் (திருவெம்பாவை) | ஆதியும் அந்தமும் (திருவெம்பாவை) [Cinematic Shiva Film],88,Discography; Lord Shiva Songs
-yxeA6nvNZk,ஈஸ்வர நாமவளி சரணம்! (I),ஈஸ்வர நாமவளி சரணம்! | I [Cinematic Devotional Film],51,Discography; Lord Shiva Songs
zTHsoP6OIAc,ஈஸ்வர நாமவளி சரணம்! (II),ஈஸ்வர நாமவளி சரணம்! | II [Cinematic Devotional Film],52,Discography; Lord Shiva Songs
57X8XwJaB0U,உலகெலாம் உணர்ந்து!,உலகெலாம் உணர்ந்து | உலகெலாம் உணர்ந்து [Cinematic Shiva Film],60,Discography; Lord Shiva Songs
hoZZgL3xe9k,எண்ணப் பதிகம் (திருவாசகம்),எண்ணப் பதிகம் (திருவாசகம்) | எண்ணப் பதிகம் (திருவாசகம்) [Cinematic Shiva Film],78,Discography; Lord Shiva Songs
8BPlAB-ZHHk,கடவுளைக் கடலுள் எழு!,கடவுளைக் கடலுள் எழு | Kadavulai Kadalul Ezhu [Cinematic Shiva Film],67,Discography; Lord Shiva Songs
A2CB3LpJ0Qk,கரைந்து கைதொழுவாரையும்,கரைந்து கைதொழுவாரையும் | கரைந்து கைதொழுவாரையும் [Cinematic Shiva Film],70,Discography; Lord Shiva Songs
CjUD2TU3oAY,குறி கலந்த இசை,குறி கலந்த இசை | Kuri Kalandha Isai [Cinematic Shiva Film],58,Discography; Lord Shiva Songs
yrmF7nfwnsQ,கோளறு பதிகம் 2026,கோளறு பதிகம் 2026 | கோளறு பதிகம் 2026 [Cinematic Shiva Film],60,Discography; Lord Shiva Songs
bZmif21zNtw,சிவநேச வெண்பா (திருவருட்பா),சிவநேச வெண்பா (திருவருட்பா) | Sivanesa Venba [Cinematic Shiva Film],67,Discography; Lord Shiva Songs
75W77Q-_Oe8,சென்னிப்பத்து 2026 (திருவாசகம்),சென்னிப்பத்து 2026 (திருவாசகம்) | சென்னிப்பத்து 2026 (திருவாசகம்) [Cinematic Shiva Film],88,Discography; Lord Shiva Songs
fcWB5HrGeMs,திரு உந்தியார்,திரு உந்தியார் | திரு உந்தியார் [Cinematic Shiva Film],54,Discography; Lord Shiva Songs
pF7fYFU5fKs,திருஅருட்பா (திருவடிப் புகழ்ச்சி),திருஅருட்பா (திருவடிப் புகழ்ச்சி) | திருஅருட்பா (திருவடிப் புகழ்ச்சி) [Cinematic Shiva Film],92,Discography; Lord Shiva Songs
RmggfAhGNXU,திருஏசறவு 2026 (திருவாசகம்),திருஏசறவு 2026 (திருவாசகம்) | Thiruesaravu [Cinematic Shiva Film],65,Discography; Lord Shiva Songs
tW9-r0H5rx8,திருப்படை ஆட்சி (hiphop),திருப்படை ஆட்சி | hiphop [Cinematic Devotional Film],52,Discography; Lord Shiva Songs
XB7cD-5ye-k,திருப்படை ஆட்சி (திருவாசகம்),திருப்படை ஆட்சி (திருவாசகம்) | திருப்படை ஆட்சி (திருவாசகம்) [Cinematic Shiva Film],82,Discography; Lord Shiva Songs
S9WQ-O0tZJI,திருப்படை ஆட்சி 2026 (திருவாசகம்) HipHop,திருப்படை ஆட்சி 2026 (திருவாசகம்) | Thiruppadai Aatchi HipHop [Shiva Film],74,Discography; Lord Shiva Songs
qQqwD3gjenE,திருப்புலம்பல் 2026 (திருவாசகம்),திருப்புலம்பல் 2026 (திருவாசகம்) | Thiruppulambal [Cinematic Shiva Film],72,Discography; Lord Shiva Songs
CHWHsVF0V70,திருமந்திரம் (முதல் தந்திரம்),திருமந்திரம் (முதல் தந்திரம்) | திருமந்திரம் (முதல் தந்திரம்) [Cinematic Shiva Film],84,Discography; Lord Shiva Songs
gwTtvj-h77g,திருமந்திரம் (முதல் தந்திரம்) 2026,திருமந்திரம் (முதல் தந்திரம்) | Thirumanthiram [Cinematic Shiva Film],69,Discography; Lord Shiva Songs
SLaW0c4zDuc,திருவருட்பா - அன்பு மாலை - 2026 (I),திருவருட்பா - அன்பு மாலை - 2026 | I [Cinematic Devotional Film],63,Discography; Lord Shiva Songs
4zG1CdYiVxs,திருவருட்பா - அன்பு மாலை - 2026 (II),திருவருட்பா - அன்பு மாலை - 2026 | II [Cinematic Devotional Film],64,Discography; Lord Shiva Songs
-bqKXZW8vFk,திருவருட்பா - அருளியல் வினாவல் 2026,திருவருட்பா - அருளியல் வினாவல் | Aruliyal Vinaval [Full Song],61,Discography; Lord Shiva Songs
I-ZLmvGIiz4,திருவருட்பா - ஆறாம் திருமுறை - சிவ...,திருவருட்பா - சிவ பதி விளக்கம் | Siva Pathi Vilakkam [Full Song],64,Discography; Lord Shiva Songs
lAWfE9YSJME,திருவருட்பா - ஆறாம் திருமுறை - பரசிவ...,திருவருட்பா - பரசிவ வணக்கம் | Parasiva Vanakkam [Full Song],59,Discography; Lord Shiva Songs
kshlDPh2IqE,திருவருட்பா - இரண்டாம் திருமுறை -...,திருவருட்பா - அபராதத்து ஆற்றாமை | Abaraathathu Aatraamai [Full Song],68,Discography; Lord Shiva Songs
MlaG3Z3_Kck,திருவருட்பா - இரண்டாம் திருமுறை -...,திருவருட்பா - காட்சிப் பெருமிதம் | Kaatchi Perumitham [Full Song],65,Discography; Lord Shiva Songs
dbdp19C0j3M,திருவருட்பா - இரண்டாம் திருமுறை -...,திருவருட்பா - திருவருள் வேட்கை II | Thiruvarul Vetkai II [Full Song],68,Discography; Lord Shiva Songs
kyiaup-gjMc,திருவருட்பா - இரண்டாம் திருமுறை -...,திருவருட்பா - எழுத்தறியும் பெருமான் மாலை | Ezhuthariyum Peruman Maalai,70,Discography; Lord Shiva Songs
juuVtFBK3X8,திருவருட்பா - இரண்டாம் திருமுறை -...,திருவருட்பா - ஆடலமுதப் பத்து | Aadalamudha Pathu [Full Song],60,Discography; Lord Shiva Songs
06ZOKy7SSvw,திருவருட்பா - இரண்டாம் திருமுறை -...,திருவருட்பா - திருச்சாதனத் தெய்வத் திறம் | Thiruvasathanath Theiva Thiram,73,Discography; Lord Shiva Songs
YORF54ouPz0,திருவருட்பா - இரண்டாம் திருமுறை -...,திருவருட்பா - சிவபுண்ணியத் தேற்றம் | Sivapunniya Thetram [Full Song],68,Discography; Lord Shiva Songs
0TB3drCSvNc,திருவருட்பா - இரண்டாம் திருமுறை -...,திருவருட்பா - திருவருள் வேட்கை I | Thiruvarul Vetkai I [Full Song],66,Discography; Lord Shiva Songs
Z7qFXMBjnak,திருவருட்பா - இரண்டாம் திருமுறை -...,திருவருட்பா - திருவடிச் சரண்புகல் | Thiruvadi Saranpugal [Full Song],68,Discography; Lord Shiva Songs
DCJ2qoMSIBA,திருவருட்பா - இரண்டாம் திருமுறை -...,திருவருட்பா - தியாக வண்ணப் பதிகம் | Thiyaga Vanna Pathigam [Full Song],70,Discography; Lord Shiva Songs
hDoLscfeg5Q,திருவருட்பா - இரண்டாம் திருமுறை -...,திருவருட்பா - திருவருள் வழக்க விளக்கம் | Thiruvarul Vazhakka Vilakkam,69,Discography; Lord Shiva Songs
uMK4LISQFE4,திருவருட்பா - திருமுல்லைவாயில்...,திருவருட்பா - திருமுல்லைவாயில் II | Thirumullaivayil II [Full Song],67,Discography; Lord Shiva Songs
73GrCFM_v6Q,திருவருட்பா - திருமுல்லைவாயில்...,திருவருட்பா - திருமுல்லைவாயில் I | Thirumullaivayil I [Full Song],65,Discography; Lord Shiva Songs
EOkuHFSfv8c,திருவருட்பா - நமச்சிவாய...,திருவருட்பா - நமச்சிவாய ஸங்கீர்த்தனம் | Namasivaya Sankeerthanam [Full Song],76,Discography; Lord Shiva Songs
SDPLWITWGho,திருவருட்பா - நற்றுணை விளக்கம் 2026,திருவருட்பா - நற்றுணை விளக்கம் | Nattrunai Vilakkam [Cinematic Shiva Film],74,Discography; Lord Shiva Songs
jsFIjA8ZOkw,திருவாசகம் - குழைத்த பத்து - 2026 (II),திருவாசகம் - குழைத்த பத்து - 2026 | II [Cinematic Devotional Film],66,Discography; Lord Shiva Songs
vZyHNMkm8xU,திருவாசகம் - தென் நாடுடைய சிவனே...,திருவாசகம் - தென் நாடுடைய சிவனே போற்றி (Female) | Thennadudaiya Sivaney Potri,77,Discography; Lord Shiva Songs
89Q2g8AllcE,திருவாசகம் - நடராஜர் பத்து,திருவாசகம் - நடராஜர் பத்து | திருவாசகம் - நடராஜர் பத்து [Cinematic Shiva Film],78,Discography; Lord Shiva Songs
e9fTnxiiLnc,திருவார்த்தை 2026 (திருவாசகம்),திருவார்த்தை 2026 (திருவாசகம்) | திருவார்த்தை 2026 (திருவாசகம்) [Cinematic Shiva Film],86,Discography; Lord Shiva Songs
xc1iNs05Bkw,திருவெண்பா (hiphop),திருவெண்பா | hiphop [Cinematic Devotional Film],47,Discography; Lord Shiva Songs
o5PVED0ZcfU,திருவெண்பா 2026 (திருவாசகம்) HipHop,திருவெண்பா 2026 (திருவாசகம்) | Thiruvenba HipHop [Cinematic Shiva Film],71,Discography; Lord Shiva Songs
2vQYuvePk9U,திருவையாறு திருமுறை!,திருவையாறு திருமுறை | திருவையாறு திருமுறை [Cinematic Shiva Film],64,Discography; Lord Shiva Songs
zFb2PGEPrr4,திருவோத்தூர் பதிகம் (Original),திருவோத்தூர் பதிகம் | Original [Cinematic Devotional Film],58,Discography; Lord Shiva Songs
oOGRP4cqGP8,திருவோத்தூர் பதிகம் (V),திருவோத்தூர் பதிகம் | V [Cinematic Devotional Film],51,Discography; Lord Shiva Songs
qqpvlkv0mSY,திருவோத்தூர் பதிகம் - பூத்தேர்ந்து...,திருவோத்தூர் பதிகம் - பூத்தேர்ந்து ஆயன II | Thiruvothur Pathigam [Full Song],76,Discography; Lord Shiva Songs
YycgNlQl6Go,திருவோத்தூர் பதிகம் - பூத்தேர்ந்து...,திருவோத்தூர் பதிகம் - பூத்தேர்ந்து ஆயன I | Thiruvothur Pathigam [Full Song],75,Discography; Lord Shiva Songs
pWSY0_0UQwc,திருவோத்தூர் பதிகம் 2026 (சாரம்),திருவோத்தூர் பதிகம் (சாரம்) | Thiruvothur Saram [Cinematic Shiva Film],70,Discography; Lord Shiva Songs
qjxmrb4fmjA,திருவோத்தூர் பதிகம் 2026 I,திருவோத்தூர் பதிகம் I | Thiruvothur I [Cinematic Shiva Film],60,Discography; Lord Shiva Songs
8b2B047SSTo,திருவோத்தூர் பதிகம் 2026 II,திருவோத்தூர் பதிகம் II | Thiruvothur II [Cinematic Shiva Film],62,Discography; Lord Shiva Songs
34D_HpbRxfo,திருவோத்தூர் பதிகம் 2026 III,திருவோத்தூர் பதிகம் III | Thiruvothur III [Cinematic Shiva Film],64,Discography; Lord Shiva Songs
xqM-FFGFDC4,தில்லை வாழ் அந்தணர்!,தில்லை வாழ் அந்தணர் | தில்லை வாழ் அந்தணர் [Cinematic Shiva Film],64,Discography; Lord Shiva Songs
j1tzixa2raU,தென்னாடுடைய சிவனே போற்றி! 2026,தென்னாடுடைய சிவனே போற்றி! 2026 | தென்னாடுடைய சிவனே போற்றி! 2026 [Cinematic Shiva Film],86,Discography; Lord Shiva Songs
QFCD-U3sT4M,தென்னாடுடைய சிவனே போற்றி! 2026,தென்னாடுடைய சிவனே போற்றி! 2026 | தென்னாடுடைய சிவனே போற்றி! 2026 [Cinematic Shiva Film],86,Discography; Lord Shiva Songs
6cE4xUOmSzU,நமச்சிவாய வாழ்க! (சிவ புராணம்),நமச்சிவாய வாழ்க! (சிவ புராணம்) | நமச்சிவாய வாழ்க! (சிவ புராணம்) [Cinematic Shiva Film],86,Discography; Lord Shiva Songs
wXD_lSlfiSQ,நமச்சிவாய வாழ்க! Symphony,நமச்சிவாய வாழ்க! Symphony | நமச்சிவாய வாழ்க! Symphony [Cinematic Shiva Film],76,Discography; Lord Shiva Songs
aq0j2OMVNoU,நமச்சிவாய வாழ்க! by Children,நமச்சிவாய வாழ்க! by Children | நமச்சிவாய வாழ்க! by Children [Cinematic Shiva Film],82,Discography; Lord Shiva Songs
nutm-A24QcM,பிடியதன் உருவுமை,பிடியதன் உருவுமை | Pidiyathan Uruvumai [Cinematic Shiva Film],61,Discography; Lord Shiva Songs
AuEZhvVmA90,பிடியதன் உருவுமை,பிடியதன் உருவுமை | பிடியதன் உருவுமை [Cinematic Shiva Film],58,Discography; Lord Shiva Songs
CSqgMX4LhJI,பிரார்த்தனைப் பத்து 2026 (திருவாசகம்),பிரார்த்தனைப் பத்து 2026 (திருவாசகம்) | Prarthanai Pathu [Shiva Film],69,Discography; Lord Shiva Songs
5vieI9fE5Y8,புண்ணிய விளக்கம்,புண்ணிய விளக்கம் | புண்ணிய விளக்கம் [Cinematic Shiva Film],58,Discography; Lord Shiva Songs
XlCvnE6y9d0,போற்றி திரு அகவல் 2026 Potri Thiru Agaval (Thiruvasagam),போற்றி திரு அகவல் 2026 Potri Thiru Agaval | Thiruvasagam [Cinematic Devotional Film],84,Discography; Lord Shiva Songs
2vuuHMEhs20,போற்றித் திருஅகவல் (திருவாசகம்),போற்றித் திருஅகவல் (திருவாசகம்) | போற்றித் திருஅகவல் (திருவாசகம்) [Cinematic Shiva Film],88,Discography; Lord Shiva Songs
wC45ZWg05eo,வேண்டுமே இத்தனையும் (திருவெம்பாவை),வேண்டுமே இத்தனையும் (திருவெம்பாவை) | வேண்டுமே இத்தனையும் (திருவெம்பாவை) [Cinematic Shiva Film],94,Discography; Lord Shiva Songs
2_rwWlC09I0,ஸ்மரணாத³ருணாசலம்,ஸ்மரணாத³ருணாசலம் | ஸ்மரணாத³ருணாசலம் [Cinematic Shiva Film],58,Discography; Lord Shiva Songs
W2peLbC20sA,சிவ சுப்ரமணியர் திருவிருத்தம் | வள்ளலார் திருவருட்பா,சிவ சுப்ரமணியர் திருவிருத்தம் | Siva Subramaniyar Thiruvirutham [Murugan Film],78,Discography; Lord Murugar Songs
pYh67ltckLQ,நாள் என் செய்யும் | கந்தர் அலங்காரம் (அருணகிரிநாதர்),நாள் என் செய்யும் | Naal En Seyyum [Cinematic Murugan Film],59,Discography; Lord Murugar Songs
jpCBad1MjgI,Arumugam Arumugam,ஆறுமுகம் ஆறுமுகம் | Arumugam Arumugam [Cinematic Murugan Film],62,Discography; Lord Murugar Songs
IhE1OvdIBKs,Kaiththala Niraigani (Thiruppugazh),கைத்தல நிறைகனி (திருப்புகழ்) | Kaiththala Niraigani [Vinayagar Film],68,Lord Vinayagar Songs; Discography
tCxe5Q1ogPc,Kandha Sashti Kavasam (கந்த சஷ்டி கவசம்),கந்த சஷ்டி கவசம் | Kandha Sashti Kavasam [Cinematic Murugan Film],65,Discography; Lord Murugar Songs
8mzfe5h9JoY,Kandha Sashti Kavasam II (கந்த சஷ்டி கவசம்),கந்த சஷ்டி கவசம் II | Kandha Sashti Kavasam II [Cinematic Murugan Film],71,Discography; Lord Murugar Songs
C9Ea0-FfMNs,Naatha Vindhugal (Pazhani Thiruppugazh),நாத விந்துகள் (பழனி திருப்புகழ்) | Naatha Vindhugal [Murugan Film],66,Discography; Lord Murugar Songs
-unILRjNLHQ,Sree Subramanyar Thiruviruththam,ஸ்ரீ சுப்ரமண்யர் திருவிருத்தம் | Sree Subramanyar Thiruviruththam [Film],72,Discography; Lord Murugar Songs
XqDL5bZgW9c,Uruvaai Aruvaai (Kandhar Anubhudhi),உருவாய் அருவாய் (கந்தர் அனுபூதி) | Uruvaai Aruvaai [Murugan Film],65,Discography; Lord Murugar Songs
GydxHEmyDPc,கண நாதா ஓம் (Original),கண நாதா ஓம் (Original) | Gana Natha Om [Cinematic Vinayagar Film],65,Lord Vinayagar Songs; Discography
vFbw9hX0wO4,கண நாதா ஓம் (Symphony),கண நாதா ஓம் (Symphony) | Gana Natha Om [Cinematic Vinayagar Film],65,Lord Vinayagar Songs; Discography
CFEYF0X6fLU,கந்த சஷ்டி கவசம் துதி 2026,கந்த சஷ்டி கவசம் துதி 2026 | கந்த சஷ்டி கவசம் துதி 2026 [Cinematic Murugan Film],80,Discography; Lord Murugar Songs
ZZKjQ1SD_mQ,கந்தர் அலங்காரம் 2026,கந்தர் அலங்காரம் 2026 | கந்தர் அலங்காரம் 2026 [Cinematic Murugan Film],70,Discography; Lord Murugar Songs
PVcmqZuROSU,கந்தர் சஷ்டி துதி 2026 (Kandhar Shashti Thuthi),கந்தர் சஷ்டி துதி 2026 | Kandhar Shashti Thuthi [Cinematic Murugan Film],72,Discography; Lord Murugar Songs
x355fpndpTI,கௌமாரம் ஸ்துதி 2026,கௌமாரம் ஸ்துதி 2026 | கௌமாரம் ஸ்துதி 2026 [Cinematic Murugan Film],66,Discography; Lord Murugar Songs
S4ogw4EfpDY,திருப்புகழ் 566 (இரத்னகிரி I),திருப்புகழ் 566 (இரத்னகிரி I) | திருப்புகழ் 566 (இரத்னகிரி I) [Cinematic Murugan Film],86,Discography; Lord Murugar Songs
bOxyDZgsI2c,திருப்புகழ் 566 (இரத்னகிரி II),திருப்புகழ் 566 (இரத்னகிரி II) | திருப்புகழ் 566 (இரத்னகிரி II) [Cinematic Murugan Film],88,Discography; Lord Murugar Songs
YxP_uh3dM18,திருப்புகழ் 712 சீர் உலாவிய...,திருப்புகழ் 712 - சீர் உலாவிய (திருப்போரூர் I) | Seer Ulaaviya I,64,Discography; Lord Murugar Songs
iPFEtwdcIxc,திருப்புகழ் 712 சீர் உலாவிய...,திருப்புகழ் 712 - சீர் உலாவிய (திருப்போரூர் II) | Seer Ulaaviya II,66,Discography; Lord Murugar Songs
XelTS98bLec,திருவருட்பா - இரண்டாம் திருமுறை -...,திருவருட்பா - திருப்புகழ் விலாசம் | Thiruppugazh Vilasam [Full Song],68,Other Songs; Discography
qRqkS1Kf8lA,மகரம் அளறு இடை (Original),மகரம் அளறு இடை | Original [Cinematic Devotional Film],53,Discography; Lord Murugar Songs
cEIEecb51Fc,மகரம் அளறு இடை (Remix),மகரம் அளறு இடை | Remix [Cinematic Devotional Film],50,Discography; Lord Murugar Songs
On2xoZqBsss,முத்தைத் தரு (திருப்புகழ்),முத்தைத் தரு (திருப்புகழ்) | Muthai Tharu [Cinematic Thiruppugazh Film],71,Discography; Lord Murugar Songs
3oJ2OPG-WCs,முத்தைத் தரு 2026 (திருப்புகழ்),முத்தைத் தரு 2026 (திருப்புகழ்) | Muthai Tharu [Cinematic Thiruppugazh Film],76,Discography; Lord Murugar Songs
qr5jAhLRLUE,முருகர் வார வழிபாடு 2026,முருகர் வார வழிபாடு 2026 | முருகர் வார வழிபாடு 2026 [Cinematic Murugan Film],76,Discography; Lord Murugar Songs
8jLZHiozGxw,ஸ்கந்த மந்திரம் (Original),ஸ்கந்த மந்திரம் | Original [Cinematic Devotional Film],54,Discography; Lord Murugar Songs
N8MOVChJwPQ,ஸ்கந்த மந்திரம் (Symphony),ஸ்கந்த மந்திரம் | Symphony [Cinematic Devotional Film],54,Discography; Lord Murugar Songs
LL77sdbmUNE,ஸ்ரீ சிவசண்முக நாம ஸங்கீர்த்தனம் 2026,ஸ்ரீ சிவசண்முக நாம ஸங்கீர்த்தனம் 2026 | Siva Shanmuga Sankeerthanam,67,Discography; Lord Murugar Songs
GJJW8gIHJ0E,Aadhi Yogeeswarar Naama Oli Saranam | Cinematic Devotional Film,ஆதி யோகீஸ்வரர் நாம ஒளி சரணம் | Aadhi Yogeeswarar [Cinematic Shiva Film],71,Lord Vishnu Songs; Lord Shiva Songs
dpx7C3wuyio,Poovar Senni Mannan (Thiruvasagam) | Yaththirai Paththu | Cinematic Lord Shiva Devotional Film,பூவார் சென்னி மன்னன் (திருவாசகம்) | Poovar Senni Mannan [Cinematic Shiva Film],78,Lord Vishnu Songs; Lord Shiva Songs
qWSwrdJMbSg,இராம கிருஷ்ண துதி | Rama Krishna Thuthi Devotional Film,இராம கிருஷ்ண துதி | Rama Krishna Thuthi [Cinematic Devotional Film],67,Lord Vishnu Songs; Discography; Lord Krishnar Songs
qW6CZgELq1o,இராம ராம ராம ஹரே ஹரே | Rama Rama Rama Hare Hare Cinematic Devotional Film,இராம ராம ராம ஹரே ஹரே | Rama Rama Rama Hare Hare [Cinematic Devotional Film],75,Lord Vishnu Songs; Discography
RDcw0Bol-cE,திருப்பாவை 1 - மார்கழித் திங்கள் (ஆண்டாள்),திருப்பாவை - 1 (மார்கழித் திங்கள்) | Thiruppavai 1 [Cinematic Devotional Film],78,Other Songs; Discography
Lzkbhp_ehA8,திருப்பாவை 2 - வையத்து வாழ்வீர்காள் (ஆண்டாள்),திருப்பாவை - 2 (வையத்து வாழ்வீர்) | Thiruppavai 2 [Cinematic Devotional Film],77,Lord Vishnu Songs; Discography
hm7_qUlTUiU,திருப்பாவை 2 - வையத்து வாழ்வீர்காள் | ஆண்டாள் அருளிய திருப்பாவை,திருப்பாவை - 2 (வையத்து வாழ்வீர்) | Thiruppavai 2 [Cinematic Devotional Film],77,Lord Vishnu Songs; Discography
4vZEVROZIx8,நமோ நாராயணம் | தசாவதாரம்,நமோ நாராயணம் (தசாவதாரம்) | Namo Narayanam [Cinematic Devotional Film],69,Lord Vishnu Songs; Discography
s42Po5EpzyI,நமோ நாராயணம் | தசாவதாரம் — Image Motion Devotional Film,நமோ நாராயணம் (தசாவதாரம்) | Namo Narayanam [Image Motion Devotional Film],72,Lord Vishnu Songs; Discography
Q5G2h9GuGQs,ரகுபதி ராகவ ராஜா ராம் | Raghupati Raghava Raja Ram,ரகுபதி ராகவ ராஜா ராம் | Raghupati Raghava [Cinematic Devotional Film],69,Lord Vishnu Songs; Discography
HPP3IG7DWRc,ஹரே கிருஷ்ணா ஹரே ராமா | Hare Krishna Hare Rama,ஹரே கிருஷ்ணா ஹரே ராமா | Hare Krishna Hare Rama [Cinematic Devotional Film],74,Lord Vishnu Songs; Discography; Lord Krishnar Songs
_DHXM8tymn8,Ragupathi Raghava Raja Ram,ரகுபதி ராகவ ராஜா ராம் | Raghupati Raghava [Cinematic Devotional Film],69,Lord Vishnu Songs; Discography
jfXxy-Y9zuA,இராம ராம ராம ஹரே ஹரே!,இராம ராம ராம ஹரே ஹரே | Rama Rama Rama Hare Hare [Cinematic Devotional Film],75,Lord Vishnu Songs; Discography
To2l9uyCjMg,ஓங்கி உலகளந்த! (திருப்பாவை),திருப்பாவை - 3 (ஓங்கி உலகளந்த) | Thiruppavai 3 [Cinematic Devotional Film],74,Lord Vishnu Songs; Discography
2YzLM0yoBlg,கிருஷ்ண மந்திரம் (Female),கிருஷ்ண மந்திரம் | Female [Cinematic Devotional Film],53,Discography; Lord Krishnar Songs
izHLRwITs_Q,கிருஷ்ண மந்திரம் I,கிருஷ்ண மந்திரம் I | கிருஷ்ண மந்திரம் I [Cinematic Devotional Film],67,Discography; Lord Krishnar Songs
JkivipMHrzc,கிருஷ்ண மந்திரம் II,கிருஷ்ண மந்திரம் II | கிருஷ்ண மந்திரம் II [Cinematic Devotional Film],69,Discography; Lord Krishnar Songs
dUYaclHH6Tk,பெரியாழ்வார் திருமொழி தாலாட்டு 2026 (I),பெரியாழ்வார் திருமொழி தாலாட்டு 2026 (I) | Periyazhvar Lullaby I,63,Discography; Lord Krishnar Songs
GCea1CAcjl8,பெரியாழ்வார் திருமொழி தாலாட்டு 2026 (II),பெரியாழ்வார் திருமொழி தாலாட்டு 2026 (II) | Periyazhvar Lullaby II,65,Discography; Lord Krishnar Songs
0W1FqHOYwDc,பெரியாழ்வார் திருமொழி தாலாட்டு 2026 (III),பெரியாழ்வார் திருமொழி தாலாட்டு 2026 (III) | Periyazhvar Lullaby III,67,Discography; Lord Krishnar Songs
fkgEbW9HdtI,மார்கழி திங்கள் (திருப்பாவை),திருப்பாவை - 1 (மார்கழித் திங்கள்) | Thiruppavai 1 [Cinematic Devotional Film],78,Lord Vishnu Songs; Discography
468ErjVLRCs,விஷ்ணும் ஜிஷ்ணும்,விஷ்ணும் ஜிஷ்ணும் | Vishnum Jishnum [Cinematic Devotional Film],63,Lord Vishnu Songs; Discography
phlMcxN_Cfw,வையத்து வாழ்வீர்காள்! (திருப்பாவை),திருப்பாவை - 2 (வையத்து வாழ்வீர்காள்) | Thiruppavai 2 [Cinematic Devotional Film],81,Lord Vishnu Songs; Discography
wnbjHShXh10,ஹரே ராமா ஹரே கிருஷ்ணா!,ஹரே ராமா ஹரே கிருஷ்ணா | Hare Rama Hare Krishna [Cinematic Devotional Film],74,Lord Vishnu Songs; Discography; Lord Krishnar Songs
EXl0IUQXfoU,ஹரே ராமா ஹரே கிருஷ்ணா! I,ஹரே ராமா ஹரே கிருஷ்ணா I | Hare Rama Hare Krishna I [Cinematic Devotional Film],78,Lord Vishnu Songs; Discography; Lord Krishnar Songs
T1KiH3G5WPs,மகா கணேச பஞ்சரத்னம் | ஆதிசங்கரர் | Maha Ganesha Pancharatnam Film,மகா கணேச பஞ்சரத்னம் | Maha Ganesha Pancharatnam [Cinematic Devotional Film],75,Lord Vinayagar Songs; Discography
AW4cljBWy2w,பாலும் தெளிதேனும் | ஔவையார் நல்வழி விநாயகர் துதி,பாலும் தெளிதேனும் | Paalum Thelithenum [Cinematic Vinayagar Film],65,Lord Vinayagar Songs; Discography
RVMUEr1MOFo,பாலும் தெளிதேனும் | ஔவையார் நல்வழி விநாயகர் துதி (Full Video),பாலும் தெளிதேனும் | Paalum Thelithenum [Cinematic Devotional Film],66,Lord Vinayagar Songs; Discography
Yvlg_8JBHL4,திகட சக்கர 2026,திகட சக்கர 2026 | Thigada Sakkara [Cinematic Vinayagar Film],60,Lord Vinayagar Songs; Discography
zqStqzcFgbM,மகா கணேச பஞ்சரத்னம்,மகா கணேச பஞ்சரத்னம் | Maha Ganesha Pancharatnam [Cinematic Devotional Film],75,Lord Vinayagar Songs; Discography
wehcVz3BMHo,சமயபுரத்தாயே | Magamayi Samayapurathaye Cinematic Devotional Film,மகாமாயி சமயபுரத்தாயே | Magamayi Samayapurathaye [Cinematic Devotional Film],75,Goddess Amman Songs; Discography
grjVzzo-RWc,சமயபுரத்தாயே | Magamayi Samayapurathaye Original Story Version,மகாமாயி சமயபுரத்தாயே | Magamayi Samayapurathaye [Original Story Version],72,Goddess Amman Songs; Discography
0k9CZLNA2TY,தனந்தரும் கல்விதரும் | அபிராமி அந்தாதி 69 (அபிராமி பட்டர்),தனந்தரும் கல்விதரும் | Dhanam Tharum Kalvi Tharum [Cinematic Amman Film],72,Goddess Amman Songs; Discography
94drEh5bkH0,108 Saraswathi Potri (108 சரஸ்வதி போற்றி),108 சரஸ்வதி போற்றி | 108 Saraswathi Potri [Cinematic Amman Film],64,Goddess Amman Songs; Discography
UUytjlINYLw,Abhirami Andhathi Thuthi (அபிராமி அந்தாதி துதி),அபிராமி அந்தாதி துதி | Abhirami Andhathi Thuthi [Cinematic Amman Film],70,Goddess Amman Songs; Discography
w0lNqTk3QCU,Abirami Anthathi Thuthi,அபிராமி அந்தாதி துதி | Abhirami Andhathi Thuthi [Cinematic Devotional Film],75,Goddess Amman Songs; Discography
IT_-ioBG69g,Dhanam Tharum Abhirami,தனந்தரும் அபிராமி | Dhanam Tharum Abhirami [Cinematic Amman Film],65,Goddess Amman Songs; Discography
Q2xax9mIhZw,Dhanam Tharum Abhirami,தனந்தரும் அபிராமி | Dhanam Tharum Abhirami [Original Devotional Track],70,Goddess Amman Songs; Discography
d4-qZaYo-4g,Gayathri Mantra (காயத்ரி மந்திரம்) 2026,காயத்ரி மந்திரம் 2026 | Gayathri Mantra [Cinematic Devotional Film],67,Goddess Amman Songs; Discography
hp1ctMubVmo,Lakshmi 108 Potri (லக்ஷ்மி 108 போற்றி),லக்ஷ்மி 108 போற்றி | Lakshmi 108 Potri [Cinematic Amman Film],61,Goddess Amman Songs; Discography
fzoZWnsJReg,Thaaye Karumari 2026 (தாயே கருமாரி),தாயே கருமாரி 2026 | Thaaye Karumari [Cinematic Amman Film],58,Goddess Amman Songs; Discography
K0N0k3mNh_w,அன்னை ரேணுகாம்பாள் துதி,அன்னை ரேணுகாம்பாள் துதி | Annai Renukambal [Cinematic Amman Film],65,Goddess Amman Songs; Discography
jZI2pTITtBY,திருவருட்பா - வடிவுடை மாணிக்கமாலை !,திருவருட்பா - வடிவுடை மாணிக்கமாலை | Vadivudai Manikkamalai [Amman Film],71,Goddess Amman Songs; Discography
fq0nJxj5aU4,QC HOLD — Dhanam Tharum Abhirami draft (do not publish),தனந்தரும் கல்விதரும் | Dhanam Tharum Kalvi Tharum [Cinematic Amman Film],72,
Wf1Ehxt_A5s,ஆலய நாதம் | இந்திய ஹார்மோனிக்கா தியான இசை,ஆலய நாதம் | Aalaya Naatham [Indian Harmonica Meditation],56,Other Songs; Discography
ETELjf0OTi4,தமிழ்த்தாய் வாழ்த்து | நீராரும் கடலுடுத்த (மனோன்மணீயம் சுந்தரனார்),தமிழ்த்தாய் வாழ்த்து | Tamil Thai Vazhthu [Cinematic Film],58,Other Songs; Discography
xAgvuRIIl6o,திருவையாறு திருமுறை (சாரம்),திருவையாறு திருமுறை (சாரம்) | Thiruvaiyaaru Thirumurai [Cinematic Shiva Film],77,Other Songs; Discography
KOroiTQUE0g,வான் முகில் வழாது பெய்க | கந்தபுராணம் வாழ்த்துப் பாடல்,வான் முகில் வழாது பெய்க | Vaan Mugil Vazhadhu Peyga [Cinematic Devotional Film],79,Other Songs; Discography
7NECOtuTZ_Y,Anjaneyar Thuthi,ஆஞ்சநேயர் துதி | Anjaneyar Thuthi [Cinematic Devotional Film],61,Other Songs; Discography
V7dOPmD9aWg,ArutPerunJothi 2026 (அருட்பெருஞ்சோதி அகவல் 1),அருட்பெருஞ்சோதி அகவல் 1 | Arutperunjothi Agaval 1 [Cinematic Devotional Film],77,Other Songs; Discography
5gO0xpY_Y3E,Hans Zimmer - Interstellar (Space Sounds),Hans Zimmer - Interstellar | Sacred Ambient Instrumental [Guru Kula Desam],74,Discography
OnzFNGriZ24,Thamizh Thaai Vaazththu (தமிழ் தாய் வாழ்த்து),தமிழ்த்தாய் வாழ்த்து | Tamil Thai Vazhthu [Cinematic Film],58,Other Songs; Discography
CvDDeKLC4mw,Thayin Manikkodi Paareer! (தாயின் மணிக்கொடி பாரீர்),தாயின் மணிக்கொடி பாரீர் | Thayin Manikkodi Paareer [Cinematic Film],67,Other Songs; Discography
HU-f-FpjmTQ,Vaanmugil Vazaadhu Peiga,வான் முகில் வழாது பெய்க | Vaan Mugil Vazhadhu Peyga [Cinematic Devotional Film],79,Other Songs; Discography
sTSKhkPNI64,Vaazvathu Thamiz Aagattum (வாழ்வது தமிழ் ஆகட்டும்),வாழ்வது தமிழ் ஆகட்டும் | Vaazvathu Thamiz Aagattum [Cinematic Film],67,Other Songs; Discography
lw2nEZfR7Kc,அன்பே சரணம்! அருளே சரணம்!,அன்பே சரணம் அருளே சரணம் | Anbe Saranam Arule Saranam [Cinematic Film],69,Other Songs; Discography
9PUF7elNSOU,அருட்பெருஞ்சோதி 2026,அருட்பெருஞ்சோதி 2026 | Arutperunjothi [Cinematic Devotional Film],65,Other Songs; Discography
00BGSFBWdlA,அருட்பெருஞ்சோதி 2026 II,அருட்பெருஞ்சோதி 2026 II | Arutperunjothi II [Cinematic Devotional Film],71,Other Songs; Discography
3youy-33GtY,அருட்பெருஞ்சோதி 2026 III,அருட்பெருஞ்சோதி 2026 III | Arutperunjothi III [Cinematic Devotional Film],73,Other Songs; Discography
RtHz7rTLNHk,அருட்பெருஞ்சோதி 2026 IV,அருட்பெருஞ்சோதி 2026 IV | Arutperunjothi IV [Cinematic Devotional Film],71,Other Songs; Discography
-ZkM45zylxs,அருட்பெருஞ்சோதி 2026 V,அருட்பெருஞ்சோதி 2026 V | Arutperunjothi V [Cinematic Devotional Film],69,Other Songs; Discography
gre-26HFBfA,அருட்பெருஞ்சோதி 2026 VI,அருட்பெருஞ்சோதி 2026 VI | Arutperunjothi VI [Cinematic Devotional Film],71,Other Songs; Discography
UxsU284RHQY,அருட்பெருஞ்சோதி அகவல் I,அருட்பெருஞ்சோதி அகவல் I | Arutperunjothi Agaval I [Cinematic Devotional Film],77,Other Songs; Discography
1W9SHSo-2Vk,அருட்பெருஞ்சோதி அகவல் II,அருட்பெருஞ்சோதி அகவல் II | Arutperunjothi Agaval II [Cinematic Devotional Film],79,Other Songs; Discography
ZsxGP1jIZ-s,அருள் நாம விளக்கம்,அருள் நாம விளக்கம் | Arul Nama Vilakkam [Cinematic Devotional Film],67,Other Songs; Discography
X-EB6CFVz1E,அவலத் தழுங்கல் 2026,அவலத் தழுங்கல் 2026 | Avalath Thazhungal [Cinematic Devotional Film],68,Other Songs; Discography
Bq6eGijG9T4,இந்திய தேசிய கீதம் 2026,இந்திய தேசிய கீதம் 2026 | Indian National Anthem [Cinematic Film],65,Other Songs; Discography
QTxWZpg6F98,உலகமெலாந் தனிநிறைந்த!,உலகமெலாந் தனிநிறைந்த | Ulagamelan Thaniniraindha [Cinematic Devotional Film],76,Other Songs; Discography
x8x7cnUdTE4,உள்ளம் ஒரு கோவில் (II) 2026,உள்ளம் ஒரு கோவில் (II) 2026 | Ullam Oru Kovil II [Cinematic Devotional Film],76,Other Songs; Discography
zuDJOeLjtcQ,உள்ளம் ஒரு கோவில் 2026,உள்ளம் ஒரு கோவில் 2026 | Ullam Oru Kovil [Cinematic Devotional Film],68,Other Songs; Discography
-Gd2dy_L98c,ஏகமாய் அந்தமாய் (மதுவின் மடல்),ஏகமாய் அந்தமாய் (மதுவின் மடல்) | Ekamaai Anthamaai [Cinematic Devotional Film],78,Other Songs; Discography
0gK0asNO-RM,குரு பகவான் துதி 2026,குரு பகவான் துதி 2026 | Guru Bhagavan Thuthi [Cinematic Devotional Film],72,Other Songs; Discography
MDK8Oq7p1j8,கொன்றை வேந்தன்!,கொன்றை வேந்தன் | Konrai Vendhan [Cinematic Devotional Film],59,Other Songs; Discography
G4Tk8Z1tKRg,கோயிலாகநல் - பழமொழிமேல்  2026,கோயிலாகநல் - பழமொழிமேல் 2026 | Koiyilakanal [Cinematic Devotional Film],71,Other Songs; Discography
28Xnfhctf0I,சம்சாரம் என்பது வீணை (REMIX) 2026,சம்சாரம் என்பது வீணை (REMIX) 2026 | Samsaram Enbathu Veenai [Remix Film],72,Other Songs; Discography
tAlN-7BPL7k,சொற்பெரு மெய்ஞான,சொற்பெரு மெய்ஞ்ஞான | Sorpperu Meygnana [Cinematic Devotional Film],66,Other Songs; Discography
6p5A87HdAAI,ஞானத் திருவடி 2026,ஞானத் திருவடி 2026 | Gnanath Thiruvadi [Cinematic Devotional Film],66,Other Songs; Discography
yMrpyhLlDc8,தாமரை மலரே!,தாமரை மலரே | Thamarai Malare [Cinematic Devotional Film],56,Other Songs; Discography
DYAKkr0e5jU,திரு சனி பகவான் துதி 2026,திரு சனி பகவான் துதி 2026 | Sani Bhagavan Thuthi [Cinematic Devotional Film],76,Other Songs; Discography
WMtIb1EHwGw,திரு சனி பகவான் பதிகம் 2026,திரு சனி பகவான் பதிகம் 2026 | Sani Bhagavan Pathigam [Cinematic Devotional Film],80,Other Songs; Discography
1wD_X2LHCmw,திருவசிய மந்திரம் 2026,திருவசிய மந்திரம் 2026 | Thiruvasiyam Mantra [Cinematic Devotional Film],72,Other Songs; Discography
4qnq1zW63hI,திருவருட்பா - ஆறாம் திருமுறை - பதி...,திருவருட்பா - பதி விளக்கம் | Pathi Vilakkam [Full Song],55,Other Songs; Discography
kkDJM6dKTxs,திருவருட்பா - இங்கித மாலை 2026,திருவருட்பா - இங்கித மாலை 2026 | Ingitha Maalai [Cinematic Devotional Film],75,Other Songs; Discography
7TlWCD9pa_0,திருவருட்பா - இரண்டாம் திருமுறை -...,திருவருட்பா - முத்தி உபாயம் | Muthi Upayam [Full Song],54,Other Songs; Discography
PLBuPRdKMHE,திருவருட்பா - இரண்டாம் திருமுறை -...,திருவருட்பா - அபராத விண்ணப்பம் III | Aparadha Vinnappam III [Full Song],71,Other Songs; Discography
-9bZmHzYO2g,திருவருட்பா - இரண்டாம் திருமுறை -...,திருவருட்பா - அபராத விண்ணப்பம் II | Aparadha Vinnappam II [Full Song],69,Other Songs; Discography
4UGFfmEpphI,திருவருட்பா - இரண்டாம் திருமுறை -...,திருவருட்பா - அபராத விண்ணப்பம் I | Aparadha Vinnappam I [Full Song],67,Other Songs; Discography
VyUqD3ZO3BU,திருவருட்பா - இரண்டாம் திருமுறை -...,திருவருட்பா - அறிவரும் பெருமை | Arivarum Perumai [Full Song],60,Other Songs; Discography
cVbT38ujUTQ,திருவருட்பா - இரண்டாம் திருமுறை -...,திருவருட்பா - அருள்விடை வேட்கை | Arulvidai Vetkai [Full Song],61,Other Songs; Discography
8KQc368hCmg,திருவருட்பா - இரண்டாம் திருமுறை -...,திருவருட்பா - நெஞ்சொடு நேர்தல் | Nenjodu Nerthal [Full Song],60,Other Songs; Discography
5gzJXgmt7AY,திருவருட்பா - திருவருண் முறையீடு,திருவருட்பா - திருவருண் முறையீடு | Thiruvarun Muraiyidu [Full Song],67,Other Songs; Discography
r2ulXHQihY0,நெஞ்சறிவுறுத்தல் - ஒன்றாய்ப் பலவாய்!,நெஞ்சறிவுறுத்தல் - ஒன்றாய்ப் பலவாய் | Nenjari Vuruthal [Devotional Film],72,Other Songs; Discography
Iky5L-131A4,விழியிலே மலர்ந்தது (REMIX) 2026,விழியிலே மலர்ந்தது (REMIX) 2026 | Vizhiyile Malarnthathu [Remix Film],69,Other Songs; Discography
