Chapter,Adhigaram (Tamil),Video ID,Current Title,Proposed Updated Title,In Master Playlist
1,கடவுள் வாழ்த்து,02C8glMmetw,திருக்குறள் - அகர முதல | Agara Muthala | Full Song Film,அதிகாரம் 1 - கடவுள் வாழ்த்து (அகர முதல) | Agara Muthala | Full Song Film,Yes
1,கடவுள் வாழ்த்து,SWAjAbur-TQ,திருக்குறள் - கடவுள் வாழ்த்து | Kadavul Vazhthu Cinematic Thirukkural Film,அதிகாரம் 1 - கடவுள் வாழ்த்து | Kadavul Vazhthu Cinematic Thirukkural Film,Yes
2,வான் சிறப்பு,f1jxgAbXcdE,வான் சிறப்பு | Vaan Sirappu Cinematic Thirukkural Film,அதிகாரம் 2 - வான் சிறப்பு | Vaan Sirappu Cinematic Thirukkural Film,Yes
5,இல்வாழ்க்கை,C05GEfkJZaY,திருக்குறள் - இல்வாழ்க்கை | Ilvazhkkai Cinematic Thirukkural Film,அதிகாரம் 5 - இல்வாழ்க்கை | Ilvazhkkai Cinematic Thirukkural Film,Yes
6,வாழ்க்கைத் துணைநலம்,hCHBPd8BH8A,திருக்குறள் - வாழ்க்கை துணை | Vaazkkai Thunai | Full Song Film,அதிகாரம் 6 - வாழ்க்கைத் துணைநலம் | Vaazkkai Thunai | Full Song Film,Yes
8,அன்புடைமை,jO2i4bcZ2ts,அன்புடைமை | Anbudaimai Cinematic Thirukkural Film,அதிகாரம் 8 - அன்புடைமை | Anbudaimai Cinematic Thirukkural Film,Yes
16,பொறையுடைமை,aSQrSHA4YtU,திருக்குறள் – பொறை உடைமை,அதிகாரம் 16 - பொறையுடைமை,Yes
16,பொறையுடைமை,KI7uUFiJO1E,பொறையுடைமை | Patience Story Cinematic Film,அதிகாரம் 16 - பொறையுடைமை | Patience Story Cinematic Film,Yes
16,பொறையுடைமை,R82hz_s2YGQ,பொறையுடைமை | Porai Udaimai Cinematic Thirukkural Film,அதிகாரம் 16 - பொறையுடைமை | Porai Udaimai Cinematic Thirukkural Film,Yes
25,அருளுடைமை,0fD-z3s_g2A,திருக்குறள் - அருளுடைமை | Aruludaimai Cinematic Thirukkural Film,அதிகாரம் 25 - அருளுடைமை | Aruludaimai Cinematic Thirukkural Film,Yes
28,கூடா ஒழுக்கம்,wPT_1jgn2Ys,கூடா ஒழுக்கம் (Symphony) | Kooda Ozhukkam Symphony Cinematic Thirukkural Film,அதிகாரம் 28 - கூடா ஒழுக்கம் (Symphony) | Kooda Ozhukkam Symphony Cinematic Thirukkural Film,Yes
29,கள்ளாமை,tzAYLpH3TkI,கள்ளாமை (Symphony) | Kallaamai Symphony Cinematic Thirukkural Film,அதிகாரம் 29 - கள்ளாமை (Symphony) | Kallaamai Symphony Cinematic Thirukkural Film,Yes
29,கள்ளாமை,9EAskIS2xuc,திருக்குறள் - கள்ளாமை | Kallaamai | Full Song Film,அதிகாரம் 29 - கள்ளாமை | Kallaamai | Full Song Film,Yes
30,வாய்மை,djYooU1LmGk,வாய்மை (Remix) | Vaaymai Remix Cinematic Thirukkural Film,அதிகாரம் 30 - வாய்மை (Remix) | Vaaymai Remix Cinematic Thirukkural Film,Yes
31,வெகுளாமை,xcUlgFsrepU,திருக்குறள் - வெகுளாமை | Vegulaamai | Full Song Film,அதிகாரம் 31 - வெகுளாமை | Vegulaamai | Full Song Film,Yes
32,இன்னா செய்யாமை,Y3xujLwXuBs,இன்னா செய்தாரை,அதிகாரம் 32 - இன்னா செய்யாமை (இன்னா செய்தாரை),Yes
32,இன்னா செய்யாமை,7npbkuQwjEE,இன்னா செய்தாரை | Inna Seidharai Cinematic Thirukkural Film,அதிகாரம் 32 - இன்னா செய்யாமை (இன்னா செய்தாரை) | Inna Seidharai Cinematic Thirukkural Film,Yes
32,இன்னா செய்யாமை,fRNAsDZr3QA,இன்னா செய்தாரை | Kindness Story Cinematic Film,அதிகாரம் 32 - இன்னா செய்யாமை (இன்னா செய்தாரை) | Kindness Story Cinematic Film,Yes
33,கொல்லாமை,L6DWSjPqoH0,திருக்குறள் - கொல்லாமை | Kollaamai | Full Song Film,அதிகாரம் 33 - கொல்லாமை | Kollaamai | Full Song Film,Yes
34,நிலையாமை,JreH0hqB2po,திருக்குறள் - நிலையாமை | Nilaiyaamai | Full Song Film,அதிகாரம் 34 - நிலையாமை | Nilaiyaamai | Full Song Film,Yes
35,துறவு,8AEEcskF-Jo,திருக்குறள் - துறவு | Thuravu | Full Song Film,அதிகாரம் 35 - துறவு | Thuravu | Full Song Film,Yes
35,துறவு,6MaQYObW8OQ,துறவு (Female) | Thuravu Female Cinematic Thirukkural Film,அதிகாரம் 35 - துறவு (Female) | Thuravu Female Cinematic Thirukkural Film,Yes
36,மெய்யுணர்தல்,9NIv50lV4-M,திருக்குறள் - மெய்யுணர்தல் | Meyyunarithal | Full Song Film,அதிகாரம் 36 - மெய்யுணர்தல் | Meyyunarithal | Full Song Film,Yes
37,அவாவறுத்தல்,HezzLu_n6qE,திருக்குறள் - அவா அறுத்தல் | Avaa Aruththal | Full Song Film,அதிகாரம் 37 - அவாவறுத்தல் | Avaa Aruththal | Full Song Film,Yes
38,ஊழ்,dD_cXqU_XVQ,திருக்குறள் - ஊழ் வினை | Oozh Vinai | Full Song Film,அதிகாரம் 38 - ஊழ் (ஊழ் வினை) | Oozh Vinai | Full Song Film,Yes
39,இறைமாட்சி,mCwNR1Bytj4,திருக்குறள் - இறை மாட்சி | Irai Maatchi | Full Song Film,அதிகாரம் 39 - இறைமாட்சி | Irai Maatchi | Full Song Film,Yes
40,கல்வி,KZxknhbVIk0,கல்வி | Kalvi Cinematic Thirukkural Film,அதிகாரம் 40 - கல்வி | Kalvi Cinematic Thirukkural Film,Yes
41,கல்லாமை,Gnu-TzZfe7A,திருக்குறள் - கல்லாமை | Kallaamai Learning | Full Song Film,அதிகாரம் 41 - கல்லாமை | Kallaamai Learning | Full Song Film,Yes
42,கேள்வி,vbMywONB5Wc,கேள்விச்செல்வம் (Remix) | Kelvi Selvam Remix Cinematic Thirukkural Film,அதிகாரம் 42 - கேள்வி (கேள்விச் செல்வம்) (Remix) | Kelvi Selvam Remix Cinematic Thirukkural Film,Yes
42,கேள்வி,9kHN9Dzrv7o,திருக்குறள் - கேள்விச் செல்வம் | Kelvi Selvam | Full Song Film,அதிகாரம் 42 - கேள்வி (கேள்விச் செல்வம்) | Kelvi Selvam | Full Song Film,Yes
43,அறிவுடைமை,xVyPWHTMXHw,அறிவுடைமை (Remix) | Arivudaimai Remix Cinematic Thirukkural Film,அதிகாரம் 43 - அறிவுடைமை (Remix) | Arivudaimai Remix Cinematic Thirukkural Film,Yes
43,அறிவுடைமை,_Q2t-TcmDT4,திருக்குறள் - அறிவுடைமை | Arivudaimai | Full Song Film,அதிகாரம் 43 - அறிவுடைமை | Arivudaimai | Full Song Film,Yes
44,குற்றங்கடிதல்,VVkl8bORJXg,குற்றங்கடிதல் (Remix) | Kuttrangadithal Remix Cinematic Thirukkural Film,அதிகாரம் 44 - குற்றங்கடிதல் (Remix) | Kuttrangadithal Remix Cinematic Thirukkural Film,Yes
44,குற்றங்கடிதல்,B60TIM5LLvY,திருக்குறள் - குற்றங்கடிதல் | Kuttrankadithal | Full Song Film,அதிகாரம் 44 - குற்றங்கடிதல் | Kuttrankadithal | Full Song Film,Yes
45,பெரியாரைத் துணைக்கோடல்,HRN77i6Kio8,பெரியாரைத்துணைக்கோடல் (Remix) | Periyarai Thunaikodal Remix Cinematic Thirukkural Film,அதிகாரம் 45 - பெரியாரைத் துணைக்கோடல் (Remix) | Periyarai Thunaikodal Remix Cinematic Thirukkural ...,Yes
46,சிற்றினம் சேராமை,wylRNpaJNmY,சிற்றினம்சேராமை (Remix) | Sittrinam Seramai Remix Cinematic Thirukkural Film,அதிகாரம் 46 - சிற்றினம் சேராமை (Remix) | Sittrinam Seramai Remix Cinematic Thirukkural Film,Yes
46,சிற்றினம் சேராமை,2U45AXlx7DA,திருக்குறள் - சிற்றினம் சேராமை | Sitrinam Seraamai | Full Song Film,அதிகாரம் 46 - சிற்றினம் சேராமை | Sitrinam Seraamai | Full Song Film,Yes
47,தெரிந்து செயல்வகை,BfgGC7DsHMI,திருக்குறள் - தெரிந்து செயல்வகை | Therinthu Seyalvagai | Full Song Film,அதிகாரம் 47 - தெரிந்து செயல்வகை | Therinthu Seyalvagai | Full Song Film,Yes
48,வலியறிதல்,KLsXZa28uyE,வலியறிதல் (Remix) | Valiyarithal Remix Cinematic Thirukkural Film,அதிகாரம் 48 - வலியறிதல் (Remix) | Valiyarithal Remix Cinematic Thirukkural Film,Yes
49,காலமறிதல்,dVYI3ZgpDC8,காலமறிதல் (Remix) | Kaalamarithal Remix Cinematic Thirukkural Film,அதிகாரம் 49 - காலமறிதல் (Remix) | Kaalamarithal Remix Cinematic Thirukkural Film,Yes
49,காலமறிதல்,DIDV-3cHhag,திருக்குறள் - காலமறிதல் | Kaalamarithal | Full Song Film,அதிகாரம் 49 - காலமறிதல் | Kaalamarithal | Full Song Film,Yes
50,இடனறிதல்,oEQ3sx6ujQc,இடனறிதல் (Remix) | Idanarithal Remix Cinematic Thirukkural Film,அதிகாரம் 50 - இடனறிதல் (Remix) | Idanarithal Remix Cinematic Thirukkural Film,Yes
50,இடனறிதல்,817Wxel4F5s,திருக்குறள் - இடனறிதல் | Idanarithal | Full Song Film,அதிகாரம் 50 - இடனறிதல் | Idanarithal | Full Song Film,Yes
51,தெரிந்து தெளிதல்,bH23l5vVgL8,திருக்குறள் - தெரிந்து தெளிதல் | Therinthu Thelithal | Full Song Film,அதிகாரம் 51 - தெரிந்து தெளிதல் | Therinthu Thelithal | Full Song Film,Yes
53,சுற்றந்தழால்,Nb1nAcrGNeU,திருக்குறள் - சுற்றந்தழால் | Suttranthazhaal | Full Song Film,அதிகாரம் 53 - சுற்றந்தழால் | Suttranthazhaal | Full Song Film,Yes
55,செங்கோன்மை,lCBVB2Yj_7U,திருக்குறள் - செங்கோன்மை | Sengonmai | Full Song Film,அதிகாரம் 55 - செங்கோன்மை | Sengonmai | Full Song Film,Yes
56,கொடுங்கோன்மை,wzdoeFDq0iQ,திருக்குறள் - கொடுங்கோன்மை | Kodungonmai | Full Song Film,அதிகாரம் 56 - கொடுங்கோன்மை | Kodungonmai | Full Song Film,Yes
58,கண்ணோட்டம்,mv7AezrLzoU,திருக்குறள் - கண்ணோட்டம் | Kannottam | Full Song Film,அதிகாரம் 58 - கண்ணோட்டம் | Kannottam | Full Song Film,Yes
59,ஒற்றாடல்,TQtjI3EepPQ,திருக்குறள் - ஒற்றாடல் | Ottraadal | Full Song Film,அதிகாரம் 59 - ஒற்றாடல் | Ottraadal | Full Song Film,Yes
60,ஊக்கமுடைமை,XN5ENUbmSOE,திருக்குறள் - ஊக்கமுடைமை | Ookkamudaimai | Full Song Film,அதிகாரம் 60 - ஊக்கமுடைமை | Ookkamudaimai | Full Song Film,Yes
62,ஆள்வினையுடைமை,zj4_pEqa_cs,திருக்குறள் - ஆள்வினையுடைமை | Aalvinaiyudaimai | Full Song Film,அதிகாரம் 62 - ஆள்வினையுடைமை | Aalvinaiyudaimai | Full Song Film,Yes
63,இடுக்கண் அழியாமை,QXWB2raWKXE,இடுக்கண் அழியாமை (Remix) | Idukkan Azhiyamai Remix Cinematic Thirukkural Film,அதிகாரம் 63 - இடுக்கண் அழியாமை (Remix) | Idukkan Azhiyamai Remix Cinematic Thirukkural Film,Yes
63,இடுக்கண் அழியாமை,daM5VkysZqg,திருக்குறள் - இடுக்கண் அழியாமை | Idukkan Azhiyaamai | Full Song Film,அதிகாரம் 63 - இடுக்கண் அழியாமை | Idukkan Azhiyaamai | Full Song Film,Yes
64,அமைச்சு,JvonvWQHKQY,அமைச்சு (Remix) | Amaichu Remix Cinematic Thirukkural Film,அதிகாரம் 64 - அமைச்சு (Remix) | Amaichu Remix Cinematic Thirukkural Film,Yes
64,அமைச்சு,VENn3ip3XPA,திருக்குறள் - அமைச்சு | Amaichu | Full Song Film,அதிகாரம் 64 - அமைச்சு | Amaichu | Full Song Film,Yes
65,சொல்வன்மை,rOowxP53oWA,சொல்வன்மை (Remix) | Solvanmai Remix Cinematic Thirukkural Film,அதிகாரம் 65 - சொல்வன்மை (Remix) | Solvanmai Remix Cinematic Thirukkural Film,Yes
65,சொல்வன்மை,q6Rg5CUbOD0,திருக்குறள் - சொல்வன்மை | Solvanmai | Full Song Film,அதிகாரம் 65 - சொல்வன்மை | Solvanmai | Full Song Film,Yes
66,வினைத்தூய்மை,D95woYqPoPI,வினைத்தூய்மை (Remix) | Vinai Thooymai Remix Cinematic Thirukkural Film,அதிகாரம் 66 - வினைத்தூய்மை (Remix) | Vinai Thooymai Remix Cinematic Thirukkural Film,Yes
67,வினைத்திட்பம்,0WurYH-hkNM,வினைத்திட்பம் (Remix) | Vinai Thitpam Remix Cinematic Thirukkural Film,அதிகாரம் 67 - வினைத்திட்பம் (Remix) | Vinai Thitpam Remix Cinematic Thirukkural Film,Yes
68,வினைசெயல்வகை,3yB_oTqh6Jk,வினைசெயல்வகை (Female) | Vinai Seyalvagai Female Cinematic Thirukkural Film,அதிகாரம் 68 - வினைசெயல்வகை (Female) | Vinai Seyalvagai Female Cinematic Thirukkural Film,Yes
69,தூது,nR7R0TWyZHk,திருக்குறள் - தூது | Thoothu | Full Song Film,அதிகாரம் 69 - தூது | Thoothu | Full Song Film,Yes
69,தூது,x3CyxNH5bpQ,தூது (Remix) | Thoothu Remix Cinematic Thirukkural Film,அதிகாரம் 69 - தூது (Remix) | Thoothu Remix Cinematic Thirukkural Film,Yes
70,மன்னரைச் சேர்ந்தொழுதல்,dthZW-Wo8IU,மன்னரைச்சேர்ந்தொழுதல் (Female) | Mannarai Sernthozhuthal Female Cinematic Thirukkural Film,அதிகாரம் 70 - மன்னரைச் சேர்ந்தொழுதல் (Female) | Mannarai Sernthozhuthal Female Cinematic Thirukku...,Yes
71,குறிப்பறிதல்,2Qs07DTJvvM,குறிப்பறிதல் (Remix) | Kuripparithal Remix Cinematic Thirukkural Film,அதிகாரம் 71 - குறிப்பறிதல் (Remix) | Kuripparithal Remix Cinematic Thirukkural Film,Yes
71,குறிப்பறிதல்,dBIUA3fKBJ0,திருக்குறள் - குறிப்பறிதல் | Kuripparithal | Full Song Film,அதிகாரம் 71 - குறிப்பறிதல் | Kuripparithal | Full Song Film,Yes
72,அவையறிதல்,CEh2a8KUIKU,திருக்குறள் - அவையறிதல் | Avaiyarithal | Full Song Film,அதிகாரம் 72 - அவையறிதல் | Avaiyarithal | Full Song Film,Yes
73,அவையஞ்சாமை,wyDIU74Rs7Y,அவை அஞ்சாமை (Female) | Avai Anjaamai Female Cinematic Thirukkural Film,அதிகாரம் 73 - அவையஞ்சாமை (Female) | Avai Anjaamai Female Cinematic Thirukkural Film,Yes
73,அவையஞ்சாமை,W4LQ0TT2cRA,திருக்குறள் - அவை அஞ்சாமை | Avai Anjaamai | Full Song Film,அதிகாரம் 73 - அவையஞ்சாமை | Avai Anjaamai | Full Song Film,Yes
74,நாடு,gjo0AfKBzsU,நாடு (Remix) | Naadu Remix Cinematic Thirukkural Film,அதிகாரம் 74 - நாடு (Remix) | Naadu Remix Cinematic Thirukkural Film,Yes
75,அரண்,irx33IVWrPY,அரண் (Symphony) | Aran Symphony Cinematic Thirukkural Film,அதிகாரம் 75 - அரண் (Symphony) | Aran Symphony Cinematic Thirukkural Film,Yes
75,அரண்,6r6TpY-sgbw,திருக்குறள் - அரண் | Aran | Full Song Film,அதிகாரம் 75 - அரண் | Aran | Full Song Film,Yes
76,பொருள் செயல்வகை,cR_u-JuGJAU,திருக்குறள் - பொருள்செயல்வகை | Porul Seyalvagai | Full Song Film,அதிகாரம் 76 - பொருள் செயல்வகை | Porul Seyalvagai | Full Song Film,Yes
78,படைச்செருக்கு,79u01V3wbZc,திருக்குறள் - படைச்செருக்கு | Padaicherukku | Full Song Film,அதிகாரம் 78 - படைச்செருக்கு | Padaicherukku | Full Song Film,Yes
79,நட்பு,jdvz-yoK5eI,திருக்குறள் - நட்பு | Natpu | Full Song Film,அதிகாரம் 79 - நட்பு | Natpu | Full Song Film,Yes
80,நட்பாராய்தல்,sAgX9WX86Rw,திருக்குறள் - நட்பாராய்தல் | Natpaaraaythal | Full Song Film,அதிகாரம் 80 - நட்பாராய்தல் | Natpaaraaythal | Full Song Film,Yes
81,பழைமை,778r-nAUX9Q,திருக்குறள் - பழைமை | Pazhaimai | Full Song Film,அதிகாரம் 81 - பழைமை | Pazhaimai | Full Song Film,Yes
82,தீ நட்பு,4zff_qi_G1E,திருக்குறள் - தீ நட்பு | Thee Natpu | Full Song Film,அதிகாரம் 82 - தீ நட்பு | Thee Natpu | Full Song Film,Yes
83,கூடா நட்பு,8uX2yl_EnMI,திருக்குறள் - கூடா நட்பு | Kooda Natpu | Full Song Film,அதிகாரம் 83 - கூடா நட்பு | Kooda Natpu | Full Song Film,Yes
84,பேதைமை,91RgQ8AygF4,திருக்குறள் - பேதைமை | Pethaimai | Full Song Film,அதிகாரம் 84 - பேதைமை | Pethaimai | Full Song Film,Yes
125,நெஞ்சறிவுறுத்தல்,JDqbpISJjIA,நெஞ்சறிவுறுத்தல் 2026 – பகுதி 1,அதிகாரம் 125 - நெஞ்சறிவுறுத்தல் (பகுதி 1),No
125,நெஞ்சறிவுறுத்தல்,7wJJCQrYo04,நெஞ்சறிவுறுத்தல் 2026 – பகுதி 2,அதிகாரம் 125 - நெஞ்சறிவுறுத்தல் (பகுதி 2),No
125,நெஞ்சறிவுறுத்தல்,KFtS403RfbY,நெஞ்சறிவுறுத்தல் பகுதி 1 | Nenjari Vuruthal Part 1 Cinematic Film,அதிகாரம் 125 - நெஞ்சறிவுறுத்தல் (பகுதி 1) | Nenjari Vuruthal Part 1 Cinematic Film,No
125,நெஞ்சறிவுறுத்தல்,lpOcAVJIax0,நெஞ்சறிவுறுத்தல் பகுதி 2 | Compassion Journey Cinematic Film,அதிகாரம் 125 - நெஞ்சறிவுறுத்தல் (பகுதி 2) | Compassion Journey Cinematic Film,No
125,நெஞ்சறிவுறுத்தல்,R8OyFbqJJEw,நெஞ்சறிவுறுத்தல் பகுதி 2 | Nenjari Vuruthal Part 2 Cinematic Film,அதிகாரம் 125 - நெஞ்சறிவுறுத்தல் (பகுதி 2) | Nenjari Vuruthal Part 2 Cinematic Film,No
