Song,Album,Audio link,Composition coverage,New release
நட்பு (Remix),திருக்குறள் - நட்பு 2026,https://www.youtube.com/watch?v=rMugAY5ym9E,Original composition film completed; remix excluded to avoid duplicate song,True
தென்னாடுடைய சிவனே போற்றி! 2026,Tamil Devotional Songs V,https://www.youtube.com/watch?v=QFCD-U3sT4M,same composition as existing or reserved film,False
திருவெண்பா (hiphop),Tamil Devotional Songs VI,https://www.youtube.com/watch?v=xc1iNs05Bkw,same composition as existing or reserved film,False
திருப்படை ஆட்சி 2026 (திருவாசகம்) HipHop,Thiruvasagam 2026 (திருவாசகம்),https://www.youtube.com/watch?v=S9WQ-O0tZJI,same composition as existing or reserved film,False
Thamizh Thaai Vaazththu (தமிழ் தாய் வாழ்த்து),Tamil Divine Patriotism (தமிழ் தேசப் பற்று பாடல்கள்),https://www.youtube.com/watch?v=OnzFNGriZ24,Existing composition film: https://youtu.be/isCeNcUwBTw,False
Thirukkural Vaan Sirappu (வான் சிறப்பு),Tamil Divine Patriotism (தமிழ் தேசப் பற்று பாடல்கள்),https://www.youtube.com/watch?v=tX4JtRSOuxE,Existing composition film: https://youtu.be/f1jxgAbXcdE,False
Ragupathi Raghava Raja Ram,Guru Kula Desam (Tamil Devotional I),https://www.youtube.com/watch?v=_DHXM8tymn8,same composition as existing or reserved film,False
Thillai Vazh Anthanar Tham,Guru Kula Desam (Tamil Devotional I),https://www.youtube.com/watch?v=l-JJXW1QKdg,same composition as existing or reserved film,False
துறவு (Symphony),திருக்குறள் - துறவு 2026,https://www.youtube.com/watch?v=rq7PXPBI7SA,alternate recording of covered Thirukkural chapter,False
துறவு (Rock),திருக்குறள் - துறவு 2026,https://www.youtube.com/watch?v=LjiR9PIRl8o,alternate recording of covered Thirukkural chapter,False
திருவோத்தூர் பதிகம் 2026 (சாரம்),திருவோத்தூர் பதிகம் 2026 (2),https://www.youtube.com/watch?v=pWSY0_0UQwc,same composition as existing or reserved film,False
வையத்து வாழ்வீர்காள்! (திருப்பாவை),Tamil Devotional Songs III,https://www.youtube.com/watch?v=phlMcxN_Cfw,same composition as existing or reserved film,False
முத்தைத் தரு 2026 (திருப்புகழ்),Tamil Devotional Songs 4,https://www.youtube.com/watch?v=3oJ2OPG-WCs,same composition as existing or reserved film,False
Vaanmugil Vazaadhu Peiga,Tamil Devotional Songs 2,https://www.youtube.com/watch?v=HU-f-FpjmTQ,Existing composition film: https://youtu.be/sHSkPTQRtH8,False
Sree Subramanyar Thiruviruththam,Tamil Devotional Songs 2,https://www.youtube.com/watch?v=-unILRjNLHQ,same composition as existing or reserved film,False
பழைமை (Remix),திருக்குறள் - பழைமை 2026,https://www.youtube.com/watch?v=rYJ0GrrDNcM,Original composition film completed; remix excluded to avoid duplicate song,True
தீ நட்பு (Remix),திருக்குறள் - தீ நட்பு 2026,https://www.youtube.com/watch?v=43lvzK34Nr4,Original composition film completed; remix excluded to avoid duplicate song,True
கூடா நட்பு (Remix),திருக்குறள் - கூடா நட்பு 2026,https://www.youtube.com/watch?v=UIHmcAEAtvY,Original composition film completed; remix excluded to avoid duplicate song,True
நட்பாராய்தல் (Remix),திருக்குறள் - நட்பாராய்தல் 2026,https://www.youtube.com/watch?v=_ucAGC9MZ_4,Original composition film completed; remix excluded to avoid duplicate song,True
படைச்செருக்கு (Remix),திருக்குறள் - படைச்செருக்கு 2026,https://www.youtube.com/watch?v=h9-Ih0yHFYY,Original composition film completed; remix excluded to avoid duplicate song,True
பொருள்செயல்வகை (Remix),திருக்குறள் - பொருள்செயல்வகை 2026,https://www.youtube.com/watch?v=HNzKqpFcSi0,Original composition film completed; remix excluded to avoid duplicate song,True
அவையறிதல் (Sad),திருக்குறள் - அவையறிதல் 2026,https://www.youtube.com/watch?v=HxxLl5p1t0A,alternate recording of covered Thirukkural chapter,False
அவை அஞ்சாமை (Symphony),திருக்குறள் - அவை அஞ்சாமை 2026,https://www.youtube.com/watch?v=t9Ke0-KMTyM,alternate recording of covered Thirukkural chapter,False
குறிப்பறிதல் (Symphony),திருக்குறள் - குறிப்பறிதல் 2026,https://www.youtube.com/watch?v=K35B1jST2xw,alternate recording of covered Thirukkural chapter,False
சொல்வன்மை (Remix),திருக்குறள் - சொல்வன்மை 2026,https://www.youtube.com/watch?v=q2oGlYiV-qg,alternate recording of covered Thirukkural chapter,False
வினைத்திட்பம் (Remix),திருக்குறள் - வினைத்திட்பம் 2026,https://www.youtube.com/watch?v=J-mAIpyxy4A,alternate recording of covered Thirukkural chapter,False
வினைத்தூய்மை (Remix),திருக்குறள் - வினைத்தூய்மை 2026,https://www.youtube.com/watch?v=XRizXIUU57g,alternate recording of covered Thirukkural chapter,False
வினைத்தூய்மை (Slow),திருக்குறள் - வினைத்தூய்மை 2026,https://www.youtube.com/watch?v=8wZGK0nGTEo,alternate recording of covered Thirukkural chapter,False
ஒற்றாடல் (Remix),திருக்குறள் - ஒற்றாடல் 2026,https://www.youtube.com/watch?v=tj_5hsasdyU,alternate recording of covered Thirukkural chapter,False
ஊக்கமுடைமை (Remix),திருக்குறள் - ஊக்கமுடைமை 2026,https://www.youtube.com/watch?v=FXMVQIidbJU,alternate recording of covered Thirukkural chapter,False
மடியின்மை (Remix),திருக்குறள் - மடியின்மை 2026,https://www.youtube.com/watch?v=Fh3HfGUObmg,alternate recording of covered Thirukkural chapter,False
வெருவந்த செய்யாமை (Remix),திருக்குறள் - வெருவந்த செய்யாமை 2026,https://www.youtube.com/watch?v=PmziMZrMHfE,alternate recording of covered Thirukkural chapter,False
ஆள்வினையுடைமை (Remix),திருக்குறள் - ஆள்வினையுடைமை 2026,https://www.youtube.com/watch?v=37qaN4sG53k,alternate recording of covered Thirukkural chapter,False
கண்ணோட்டம் (Symphony),திருக்குறள் - கண்ணோட்டம் 2026,https://www.youtube.com/watch?v=E7yfNOiwJmM,alternate recording of covered Thirukkural chapter,False
கண்ணோட்டம் (Remix),திருக்குறள் - கண்ணோட்டம் 2026,https://www.youtube.com/watch?v=Vj6wcfC3rPk,alternate recording of covered Thirukkural chapter,False
தெரிந்து தெளிதல் (Remix),திருக்குறள் - தெரிந்து தெளிதல் 2026,https://www.youtube.com/watch?v=tLt9J-X9WOE,alternate recording of covered Thirukkural chapter,False
செங்கோன்மை (Remix),திருக்குறள் - செங்கோன்மை 2026,https://www.youtube.com/watch?v=5coBrJy6a5M,alternate recording of covered Thirukkural chapter,False
கொடுங்கோன்மை (Remix),திருக்குறள் - கொடுங்கோன்மை 2026,https://www.youtube.com/watch?v=01g0sJdaL2I,alternate recording of covered Thirukkural chapter,False
சுற்றந்தழால் (Remix),திருக்குறள் - சுற்றந்தழால் 2026,https://www.youtube.com/watch?v=9-SvikTz2FU,alternate recording of covered Thirukkural chapter,False
பொச்சாவாமை (Remix),திருக்குறள் - பொச்சாவாமை 2026,https://www.youtube.com/watch?v=DhHGetUJlAI,alternate recording of covered Thirukkural chapter,False
தெரிந்து வினையாடல் (Remix),திருக்குறள் - தெரிந்து வினையாடல் 2026,https://www.youtube.com/watch?v=F-aVgFOdKFo,alternate recording of covered Thirukkural chapter,False
தெரிந்து செயல்வகை (Female),திருக்குறள் - தெரிந்து செயல்வகை 2026,https://www.youtube.com/watch?v=mpgnALSm7wk,alternate recording of covered Thirukkural chapter,False
அறிவுடைமை (Pop),திருக்குறள் - அறிவுடைமை 2026,https://www.youtube.com/watch?v=bUepGv6PJQA,alternate recording of covered Thirukkural chapter,False
நமச்சிவாய வாழ்க! Symphony,நமச்சிவாய வாழ்க! (சிவ புராணம்) 2027,https://www.youtube.com/watch?v=wXD_lSlfiSQ,same composition as existing or reserved film,False
திருப்புகழ் 712 சீர் உலாவிய...,திருப்புகழ் 712 (திருப்போரூர்),https://www.youtube.com/watch?v=YxP_uh3dM18,same composition as existing or reserved film,False
நமச்சிவாய வாழ்க! (சிவ புராணம்),நமச்சிவாய வாழ்க! (சிவ புராணம்),https://www.youtube.com/watch?v=6cE4xUOmSzU,same composition as existing or reserved film,False
திருவோத்தூர் பதிகம் (Original),திருவோத்தூர் பதிகம் 2027,https://www.youtube.com/watch?v=zFb2PGEPrr4,same composition as existing or reserved film,False
திருவருட்பா - திருமுல்லைவாயில்...,திருவருட்பா - இரண்டாம் திருமுறை - திருமுல்லைவாயில்,https://www.youtube.com/watch?v=uMK4LISQFE4,same composition as existing or reserved film,False
திருவோத்தூர் பதிகம் - பூத்தேர்ந்து...,முதல் திருமுறை - திருவோத்தூர் பதிகம் (III),https://www.youtube.com/watch?v=YycgNlQl6Go,same composition as existing or reserved film,False
நெஞ்சறிவுறுத்தல் - ஒன்றாய்ப் பலவாய்!,திருவருட்பா - முதல் திருமுறை III,https://www.youtube.com/watch?v=r2ulXHQihY0,"Existing composition film: https://youtu.be/KFtS403RfbY, https://youtu.be/R8OyFbqJJEw",False
பிடியதன் உருவுமை,முதல் தேவாரம் - பகுதி 1,https://www.youtube.com/watch?v=nutm-A24QcM,same composition as existing or reserved film,False
கந்தர் சஷ்டி துதி 2026 (Kandhar Shashti Thuthi),கந்தர் சஷ்டி துதி 2026 (Kandhar Shashti Thuthi),https://www.youtube.com/watch?v=PVcmqZuROSU,same composition as existing or reserved film,False
ArutPerunJothi 2026 (அருட்பெருஞ்சோதி அகவல் 1),ArutPerunJothi 2026 (அருட்பெருஞ்சோதி அகவல் 1),https://www.youtube.com/watch?v=V7dOPmD9aWg,Existing composition film: https://youtu.be/GlJrQMMTRhI,False
சிவ புராணம் 2026 | Shiva Puranam (Thiruvasagam),சிவ புராணம் 2026 | Shiva Puranam (Thiruvasagam),https://www.youtube.com/watch?v=u41L3XgIgGc,same composition as existing or reserved film,False
