Source ID,Song,Source URL,Exact recording status,Workspace records,Same chapter existing film,Previous composition classification
XwlGJp3gqCc,Thennadudaiya Sivaney Potri,https://www.youtube.com/watch?v=XwlGJp3gqCc,No exact-recording production found,,,Prior classification: same composition as existing or reserved film; Thennadudaiya Sivaney Potri
S9WQ-O0tZJI,திருப்படை ஆட்சி 2026 (திருவாசகம்) HipHop,https://www.youtube.com/watch?v=S9WQ-O0tZJI,No exact-recording production found,,,Prior classification: same composition as existing or reserved film; Thiruppadai Aatchi
u41L3XgIgGc,சிவ புராணம் 2026 | Shiva Puranam (Thiruvasagam),https://www.youtube.com/watch?v=u41L3XgIgGc,No exact-recording production found,,,Prior classification: same composition as existing or reserved film; Sivapuranam
Y0tOS_2Azxs,Siva Puranam 2026 (II) Thiruvasagam,https://www.youtube.com/watch?v=Y0tOS_2Azxs,Already started or claimed in shared workspace,shiva-batch-10\batch.json | shiva-batch-10\publication-queue.json | shiva-batch-10\sivapuranam_ii\manifest.json,,Prior classification: same composition as existing or reserved film; Sivapuranam
XlCvnE6y9d0,போற்றி திரு அகவல் 2026 Potri Thiru Agaval (Thiruvasagam),https://www.youtube.com/watch?v=XlCvnE6y9d0,Already started or claimed in shared workspace,unclaimed-group-batch-01\jobs.json | unclaimed-group-batch-01\ready.json | unclaimed-group-batch-01\potri_thiru_agaval_2026\manifest.json,,Prior classification: same composition as existing or reserved film; Potri Thiruagaval
PVcmqZuROSU,கந்தர் சஷ்டி துதி 2026 (Kandhar Shashti Thuthi),https://www.youtube.com/watch?v=PVcmqZuROSU,No exact-recording production found,,,Prior classification: same composition as existing or reserved film; Kandhar Shashti Thuthi
gwTtvj-h77g,திருமந்திரம் (முதல் தந்திரம்) 2026,https://www.youtube.com/watch?v=gwTtvj-h77g,Already started or claimed in shared workspace,shiva-batch-10\batch.json | shiva-batch-10\publication-queue.json | shiva-batch-10\thirumanthiram_2026\manifest.json,,Prior classification: same composition as existing or reserved film; Thirumanthiram
j1tzixa2raU,தென்னாடுடைய சிவனே போற்றி! 2026,https://www.youtube.com/watch?v=j1tzixa2raU,No exact-recording production found,,,Prior classification: same composition as existing or reserved film; Thennadudaiya Sivaney Potri
nutm-A24QcM,பிடியதன் உருவுமை,https://www.youtube.com/watch?v=nutm-A24QcM,No exact-recording production found,,,Prior classification: same composition as existing or reserved film; Pidiyathan Uruvumai
-unILRjNLHQ,Sree Subramanyar Thiruviruththam,https://www.youtube.com/watch?v=-unILRjNLHQ,No exact-recording production found,,,Prior classification: same composition as existing or reserved film; Siva Subramaniyar Thiruvirutham
3oJ2OPG-WCs,முத்தைத் தரு 2026 (திருப்புகழ்),https://www.youtube.com/watch?v=3oJ2OPG-WCs,No exact-recording production found,,,Prior classification: same composition as existing or reserved film; Muthai Tharu
w0lNqTk3QCU,Abirami Anthathi Thuthi,https://www.youtube.com/watch?v=w0lNqTk3QCU,No exact-recording production found,,,Prior classification: same composition as existing or reserved film; Abirami Anthathi Thuthi
P-gtNBy8sRE,Mandhiram Aavadhu Neeru,https://www.youtube.com/watch?v=P-gtNBy8sRE,Already started or claimed in shared workspace,shiva-batch-10\batch.json | shiva-batch-10\publication-queue.json | shiva-batch-10\mandhiram_aavadhu_neeru_alt\manifest.json,,Prior classification: same composition as existing or reserved film; Thiruneetru Pathigam
J7sfVqWuxyU,Thiruvaiyaaru Thirumurai,https://www.youtube.com/watch?v=J7sfVqWuxyU,No exact-recording production found,,,Prior classification: same composition as existing or reserved film; Thiruvaiyaaru Thirumurai
fkgEbW9HdtI,மார்கழி திங்கள் (திருப்பாவை),https://www.youtube.com/watch?v=fkgEbW9HdtI,No exact-recording production found,,,Prior classification: same composition as existing or reserved film; Thiruppavai 1
phlMcxN_Cfw,வையத்து வாழ்வீர்காள்! (திருப்பாவை),https://www.youtube.com/watch?v=phlMcxN_Cfw,No exact-recording production found,,,Prior classification: same composition as existing or reserved film; Thiruppavai 2
pWSY0_0UQwc,திருவோத்தூர் பதிகம் 2026 (சாரம்),https://www.youtube.com/watch?v=pWSY0_0UQwc,No exact-recording production found,,,Prior classification: same composition as existing or reserved film; Thiruvothur Pathigam
34D_HpbRxfo,திருவோத்தூர் பதிகம் 2026 III,https://www.youtube.com/watch?v=34D_HpbRxfo,Already started or claimed in shared workspace,unclaimed-group-batch-01\jobs.json | unclaimed-group-batch-01\ready.json | unclaimed-group-batch-01\thiruvothur_pathigam_iii\manifest.json,,Prior classification: same composition as existing or reserved film; Thiruvothur Pathigam
8b2B047SSTo,திருவோத்தூர் பதிகம் 2026 II,https://www.youtube.com/watch?v=8b2B047SSTo,Already started or claimed in shared workspace,unclaimed-group-batch-01\jobs.json | unclaimed-group-batch-01\ready.json | unclaimed-group-batch-01\thiruvothur_pathigam_ii\manifest.json,,Prior classification: same composition as existing or reserved film; Thiruvothur Pathigam
qjxmrb4fmjA,திருவோத்தூர் பதிகம் 2026 I,https://www.youtube.com/watch?v=qjxmrb4fmjA,Already started or claimed in shared workspace,shiva-batch-10\batch.json | shiva-batch-10\publication-queue.json | shiva-batch-10\thiruvothur_i\manifest.json,,Prior classification: same composition as existing or reserved film; Thiruvothur Pathigam
l-JJXW1QKdg,Thillai Vazh Anthanar Tham,https://www.youtube.com/watch?v=l-JJXW1QKdg,No exact-recording production found,,,Prior classification: same composition as existing or reserved film; Thillai Vazh Anthanar
_DHXM8tymn8,Ragupathi Raghava Raja Ram,https://www.youtube.com/watch?v=_DHXM8tymn8,No exact-recording production found,,,Prior classification: same composition as existing or reserved film; Raghupati Raghava
Q2xax9mIhZw,Dhanam Tharum Abhirami,https://www.youtube.com/watch?v=Q2xax9mIhZw,No exact-recording production found,,,Prior classification: same composition as existing or reserved film; Dhanam Tharum Abirami
nSQKZ2htJ-o,Maasil Veenaiyum,https://www.youtube.com/watch?v=nSQKZ2htJ-o,Already started or claimed in shared workspace,shiva-batch-10\batch.json | shiva-batch-10\publication-queue.json | shiva-batch-10\maasil_veenaiyum_alt\manifest.json,,Prior classification: same composition as existing or reserved film; Maasil Veenaiyum
xc1iNs05Bkw,திருவெண்பா (hiphop),https://www.youtube.com/watch?v=xc1iNs05Bkw,No exact-recording production found,,,Prior classification: same composition as existing or reserved film; Thiruvenba
QFCD-U3sT4M,தென்னாடுடைய சிவனே போற்றி! 2026,https://www.youtube.com/watch?v=QFCD-U3sT4M,No exact-recording production found,,,Prior classification: same composition as existing or reserved film; Thennadudaiya Sivaney Potri
2vQYuvePk9U,திருவையாறு திருமுறை!,https://www.youtube.com/watch?v=2vQYuvePk9U,No exact-recording production found,,,Prior classification: same composition as existing or reserved film; Thiruvaiyaaru Thirumurai
uMK4LISQFE4,திருவருட்பா - திருமுல்லைவாயில்...,https://www.youtube.com/watch?v=uMK4LISQFE4,No exact-recording production found,,,Prior classification: same composition as existing or reserved film; Thirumullaivayil
0TB3drCSvNc,திருவருட்பா - இரண்டாம் திருமுறை -...,https://www.youtube.com/watch?v=0TB3drCSvNc,Already started or claimed in shared workspace,shiva-offline-02\jobs.json,,Prior classification: same composition as completed Thiruvarul Vetkai film; SHIVA-OFFLINE-OWNERSHIP.md; thiruvarutpa-backlog-02 (dbdp19C0j3M)
HPP3IG7DWRc,ஹரே கிருஷ்ணா ஹரே ராமா!.m,https://www.youtube.com/watch?v=HPP3IG7DWRc,No exact-recording production found,,,Prior classification: same composition as existing or reserved film; Hare Krishna Hare Rama
Lzkbhp_ehA8,திருப்பாவை - 2 (வையத்து வாழ்வீர்),https://www.youtube.com/watch?v=Lzkbhp_ehA8,No exact-recording production found,,,Prior classification: same composition as existing or reserved film; Thiruppavai 2
AW4cljBWy2w,பாலும் தெளிர் தேனும்,https://www.youtube.com/watch?v=AW4cljBWy2w,No exact-recording production found,,,Prior classification: same composition as existing or reserved film; Paalum Thelithenum
Q5G2h9GuGQs,ரகுபதி ராகவ ராஜா ராம்!,https://www.youtube.com/watch?v=Q5G2h9GuGQs,No exact-recording production found,,,Prior classification: same composition as existing or reserved film; Raghupati Raghava
wXD_lSlfiSQ,நமச்சிவாய வாழ்க! Symphony,https://www.youtube.com/watch?v=wXD_lSlfiSQ,No exact-recording production found,,,Prior classification: same composition as existing or reserved film; Sivapuranam
YxP_uh3dM18,திருப்புகழ் 712 சீர் உலாவிய...,https://www.youtube.com/watch?v=YxP_uh3dM18,No exact-recording production found,,,Prior classification: same composition as existing or reserved film; Thiruppugazh 712
6cE4xUOmSzU,நமச்சிவாய வாழ்க! (சிவ புராணம்),https://www.youtube.com/watch?v=6cE4xUOmSzU,No exact-recording production found,,,Prior classification: same composition as existing or reserved film; Sivapuranam
zFb2PGEPrr4,திருவோத்தூர் பதிகம் (Original),https://www.youtube.com/watch?v=zFb2PGEPrr4,No exact-recording production found,,,Prior classification: same composition as existing or reserved film; Thiruvothur Pathigam
YycgNlQl6Go,திருவோத்தூர் பதிகம் - பூத்தேர்ந்து...,https://www.youtube.com/watch?v=YycgNlQl6Go,No exact-recording production found,,,Prior classification: same composition as existing or reserved film; Thiruvothur Pathigam
lneosghJWgs,திருக்குறள் அன்புடைமை,https://www.youtube.com/watch?v=lneosghJWgs,No exact-recording production found,,C:\GitHub\rama_krishna_cinematic_visual.mp4,Prior classification: alternate recording of covered Thirukkural chapter; playlist-audit/thirukkural-production-completion-2026-09-28.json
NxZf0eRutEY,கூடா ஒழுக்கம் (Symphony),https://www.youtube.com/watch?v=NxZf0eRutEY,Already started or claimed in shared workspace,unclaimed-group-batch-03\jobs.json | unclaimed-group-batch-03\ready.json | unclaimed-group-batch-03\kooda_ozhukkam_symphony\manifest.json,C:\GitHub\Gurukuladesam-audit\production\thirukkural-batch-02\kooda_ozhukkam\KOODA-OZHUKKAM-FILM.mp4,Prior classification: alternate recording of covered Thirukkural chapter; playlist-audit/thirukkural-production-completion-2026-09-28.json
jXOalu0JJoA,கள்ளாமை (Symphony),https://www.youtube.com/watch?v=jXOalu0JJoA,Already started or claimed in shared workspace,unclaimed-group-batch-03\jobs.json | unclaimed-group-batch-03\ready.json | unclaimed-group-batch-03\kallaamai_symphony\manifest.json,C:\GitHub\Gurukuladesam-audit\production\thirukkural-backlog-04\kallaamai\KALLAAMAI-CINEMATIC-v1.mp4,Prior classification: alternate recording of covered Thirukkural chapter; playlist-audit/thirukkural-production-completion-2026-09-28.json
R-5gWfRNMts,வாய்மை (Remix),https://www.youtube.com/watch?v=R-5gWfRNMts,Already started or claimed in shared workspace,unclaimed-group-batch-03\jobs.json | unclaimed-group-batch-03\ready.json | unclaimed-group-batch-03\vaaymai_remix\manifest.json,C:\GitHub\Gurukuladesam-audit\production\thirukkural-batch-05\vaaimai\VAAIMAI-FILM.mp4,Prior classification: alternate recording of covered Thirukkural chapter; playlist-audit/thirukkural-production-completion-2026-09-28.json
0DoegY9d0ZM,இடனறிதல் (Remix),https://www.youtube.com/watch?v=0DoegY9d0ZM,Already started or claimed in shared workspace,unclaimed-group-batch-04\jobs.json | unclaimed-group-batch-04\idanarithal_remix\manifest.json,C:\GitHub\Gurukuladesam-audit\production\thirukkural-backlog-03\idanarithal\IDANARITHAL-CINEMATIC-groups-v2.mp4 | C:\GitHub\Gurukuladesam-audit\production\thirukkural-backlog-03\idanarithal\IDANARITHAL-CINEMATIC-v1.mp4,Prior classification: alternate recording of covered Thirukkural chapter; playlist-audit/thirukkural-production-completion-2026-09-28.json
QAv04nxeH4c,துறவு (Female),https://www.youtube.com/watch?v=QAv04nxeH4c,Already started or claimed in shared workspace,unclaimed-group-batch-04\jobs.json | unclaimed-group-batch-04\thuravu_female\manifest.json,C:\GitHub\Gurukuladesam-audit\production\thirukkural-backlog-10\thuravu\THURAVU-CINEMATIC-v1.mp4,Prior classification: alternate recording of covered Thirukkural chapter; playlist-audit/thirukkural-production-completion-2026-09-28.json
rq7PXPBI7SA,துறவு (Symphony),https://www.youtube.com/watch?v=rq7PXPBI7SA,No exact-recording production found,,C:\GitHub\Gurukuladesam-audit\production\thirukkural-backlog-10\thuravu\THURAVU-CINEMATIC-v1.mp4,Prior classification: alternate recording of covered Thirukkural chapter; playlist-audit/thirukkural-production-completion-2026-09-28.json
LjiR9PIRl8o,துறவு (Rock),https://www.youtube.com/watch?v=LjiR9PIRl8o,No exact-recording production found,,C:\GitHub\Gurukuladesam-audit\production\thirukkural-backlog-10\thuravu\THURAVU-CINEMATIC-v1.mp4,Prior classification: alternate recording of covered Thirukkural chapter; playlist-audit/thirukkural-production-completion-2026-09-28.json
cUt716Zafy0,காலமறிதல் (Remix),https://www.youtube.com/watch?v=cUt716Zafy0,Already started or claimed in shared workspace,unclaimed-group-batch-04\jobs.json | unclaimed-group-batch-04\kaalamarithal_remix\manifest.json,C:\GitHub\Gurukuladesam-audit\production\thirukkural-backlog-05\kaalamarithal\KAALAMARITHAL-CINEMATIC-v1.mp4,Prior classification: alternate recording of covered Thirukkural chapter; playlist-audit/thirukkural-production-completion-2026-09-28.json
FS5fUOxZySE,வலியறிதல் (Remix),https://www.youtube.com/watch?v=FS5fUOxZySE,No exact-recording production found,,C:\GitHub\Gurukuladesam-audit\production\thirukkural-batch-05\valiyarithal\VALIYARITHAL-FILM.mp4,Prior classification: alternate recording of covered Thirukkural chapter; playlist-audit/thirukkural-production-completion-2026-09-28.json
2Pun6K7h984,பெரியாரைத் துணைக்கோடல் (Remix),https://www.youtube.com/watch?v=2Pun6K7h984,No exact-recording production found,,C:\GitHub\Gurukuladesam-audit\production\thirukkural-batch-03\periyaarai_thunaikkodal\PERIYAARAI-THUNAIKKODAL-FILM.mp4,Prior classification: alternate recording of covered Thirukkural chapter; playlist-audit/thirukkural-production-completion-2026-09-28.json
0bz1myKXoJQ,அறிவுடைமை (Remix),https://www.youtube.com/watch?v=0bz1myKXoJQ,No exact-recording production found,,C:\GitHub\Gurukuladesam-audit\production\thirukkural-backlog-02\arivudaimai\ARIVUDAIMAI-CINEMATIC-groups-v2.mp4 | C:\GitHub\Gurukuladesam-audit\production\thirukkural-backlog-02\arivudaimai\ARIVUDAIMAI-CINEMATIC-v1.mp4,Prior classification: alternate recording of covered Thirukkural chapter; playlist-audit/thirukkural-production-completion-2026-09-28.json
bUepGv6PJQA,அறிவுடைமை (Pop),https://www.youtube.com/watch?v=bUepGv6PJQA,No exact-recording production found,,C:\GitHub\Gurukuladesam-audit\production\thirukkural-backlog-02\arivudaimai\ARIVUDAIMAI-CINEMATIC-groups-v2.mp4 | C:\GitHub\Gurukuladesam-audit\production\thirukkural-backlog-02\arivudaimai\ARIVUDAIMAI-CINEMATIC-v1.mp4,Prior classification: alternate recording of covered Thirukkural chapter; playlist-audit/thirukkural-production-completion-2026-09-28.json
UyCe3KLqY_8,சிற்றினம் சேராமை (Remix),https://www.youtube.com/watch?v=UyCe3KLqY_8,No exact-recording production found,,C:\GitHub\Gurukuladesam-audit\production\thirukkural-backlog-06\sitrinam_seraamai\SITRINAM_SERAAMAI-CINEMATIC-v1.mp4,Prior classification: alternate recording of covered Thirukkural chapter; playlist-audit/thirukkural-production-completion-2026-09-28.json
OzejLLvDq5s,குற்றங்கடிதல் (Remix),https://www.youtube.com/watch?v=OzejLLvDq5s,No exact-recording production found,,C:\GitHub\Gurukuladesam-audit\production\thirukkural-backlog-05\kuttrankadithal\KUTTRANKADITHAL-CINEMATIC-v1.mp4,Prior classification: alternate recording of covered Thirukkural chapter; playlist-audit/thirukkural-production-completion-2026-09-28.json
r75xdfETSbE,கேள்விச் செல்வம் (Remix),https://www.youtube.com/watch?v=r75xdfETSbE,No exact-recording production found,,C:\GitHub\Gurukuladesam-audit\production\thirukkural-backlog-06\kelvi_selvam\KELVI_SELVAM-CINEMATIC-v1.mp4,Prior classification: alternate recording of covered Thirukkural chapter; playlist-audit/thirukkural-production-completion-2026-09-28.json
kdZSlrXEfvs,அவை அஞ்சாமை (Female),https://www.youtube.com/watch?v=kdZSlrXEfvs,Already started or claimed in shared workspace,unclaimed-group-batch-02\jobs.json | unclaimed-group-batch-02\ready.json | unclaimed-group-batch-02\avai_anjaamai_female\manifest.json,C:\GitHub\Gurukuladesam-audit\production\thirukkural-backlog-01\avai_anjaamai\AVAI_ANJAAMAI-CINEMATIC-v1.mp4,Prior classification: alternate recording of covered Thirukkural chapter; playlist-audit/thirukkural-production-completion-2026-09-28.json
RAUafMVpT5k,நாடு (Remix),https://www.youtube.com/watch?v=RAUafMVpT5k,No exact-recording production found,,C:\GitHub\Gurukuladesam-audit\production\thirukkural-batch-03\naadu\NAADU-FILM.mp4,Prior classification: alternate recording of covered Thirukkural chapter; playlist-audit/thirukkural-production-completion-2026-09-28.json
t9Ke0-KMTyM,அவை அஞ்சாமை (Symphony),https://www.youtube.com/watch?v=t9Ke0-KMTyM,No exact-recording production found,,C:\GitHub\Gurukuladesam-audit\production\thirukkural-backlog-01\avai_anjaamai\AVAI_ANJAAMAI-CINEMATIC-v1.mp4,Prior classification: alternate recording of covered Thirukkural chapter; playlist-audit/thirukkural-production-completion-2026-09-28.json
zq1dxg5R-rY,மன்னரைச் சேர்ந்தொழுதல் (Female),https://www.youtube.com/watch?v=zq1dxg5R-rY,No exact-recording production found,,C:\GitHub\Gurukuladesam-audit\production\thirukkural-batch-04\mannarai_sernthozhuthal\MANNARAI-SERNTHOZHUTHAL-FILM.mp4,Prior classification: alternate recording of covered Thirukkural chapter; playlist-audit/thirukkural-production-completion-2026-09-28.json
K35B1jST2xw,குறிப்பறிதல் (Symphony),https://www.youtube.com/watch?v=K35B1jST2xw,No exact-recording production found,,C:\GitHub\Gurukuladesam-audit\production\thirukkural-backlog-05\kuripparithal\KURIPPARITHAL-CINEMATIC-v1.mp4,Prior classification: alternate recording of covered Thirukkural chapter; playlist-audit/thirukkural-production-completion-2026-09-28.json
GN181JJ1lXU,குறிப்பறிதல் (Remix),https://www.youtube.com/watch?v=GN181JJ1lXU,No exact-recording production found,,C:\GitHub\Gurukuladesam-audit\production\thirukkural-backlog-05\kuripparithal\KURIPPARITHAL-CINEMATIC-v1.mp4,Prior classification: alternate recording of covered Thirukkural chapter; playlist-audit/thirukkural-production-completion-2026-09-28.json
HxxLl5p1t0A,அவையறிதல் (Sad),https://www.youtube.com/watch?v=HxxLl5p1t0A,No exact-recording production found,,C:\GitHub\Gurukuladesam-audit\production\thirukkural-backlog-02\avaiyarithal\AVAIYARITHAL-CINEMATIC-v1.mp4,Prior classification: alternate recording of covered Thirukkural chapter; playlist-audit/thirukkural-production-completion-2026-09-28.json
RY7nPGorS94,தூது (Remix),https://www.youtube.com/watch?v=RY7nPGorS94,No exact-recording production found,,C:\GitHub\Gurukuladesam-audit\production\thirukkural-backlog-11\thoothu\THOOTHU-CINEMATIC-v1.mp4,Prior classification: alternate recording of covered Thirukkural chapter; playlist-audit/thirukkural-production-completion-2026-09-28.json
MvwT6dnGE0U,வினைசெயல்வகை (Female),https://www.youtube.com/watch?v=MvwT6dnGE0U,No exact-recording production found,,C:\GitHub\Gurukuladesam-audit\production\thirukkural-batch-05\vinai_seyalvagai\VINAI-SEYALVAGAI-FILM.mp4,Prior classification: alternate recording of covered Thirukkural chapter; playlist-audit/thirukkural-production-completion-2026-09-28.json
ulW6fg4lkYA,இடுக்கண் அழியாமை (Remix),https://www.youtube.com/watch?v=ulW6fg4lkYA,No exact-recording production found,,C:\GitHub\Gurukuladesam-audit\production\thirukkural-backlog-03\idukkan_azhiyaamai\IDUKKAN_AZHIYAAMAI-CINEMATIC-groups-v2.mp4 | C:\GitHub\Gurukuladesam-audit\production\thirukkural-backlog-03\idukkan_azhiyaamai\IDUKKAN_AZHIYAAMAI-CINEMATIC-v1.mp4,Prior classification: alternate recording of covered Thirukkural chapter; playlist-audit/thirukkural-production-completion-2026-09-28.json
q2oGlYiV-qg,சொல்வன்மை (Remix),https://www.youtube.com/watch?v=q2oGlYiV-qg,No exact-recording production found,,C:\GitHub\Gurukuladesam-audit\production\thirukkural-backlog-07\solvanmai\SOLVANMAI-CINEMATIC-v1.mp4,Prior classification: alternate recording of covered Thirukkural chapter; playlist-audit/thirukkural-production-completion-2026-09-28.json
FGFVertqRUU,அமைச்சு (Remix),https://www.youtube.com/watch?v=FGFVertqRUU,Already started or claimed in shared workspace,unclaimed-group-batch-02\jobs.json | unclaimed-group-batch-02\ready.json | unclaimed-group-batch-02\amaichu_remix\manifest.json,C:\GitHub\Gurukuladesam-audit\production\thirukkural-backlog-01\amaichu\AMAICHU-CINEMATIC-v1.mp4,Prior classification: alternate recording of covered Thirukkural chapter; playlist-audit/thirukkural-production-completion-2026-09-28.json
J-mAIpyxy4A,வினைத்திட்பம் (Remix),https://www.youtube.com/watch?v=J-mAIpyxy4A,No exact-recording production found,,C:\GitHub\Gurukuladesam-audit\production\thirukkural-batch-06\vinai_thitpam\VINAI-THITPAM-FILM.mp4,Prior classification: alternate recording of covered Thirukkural chapter; playlist-audit/thirukkural-production-completion-2026-09-28.json
XRizXIUU57g,வினைத்தூய்மை (Remix),https://www.youtube.com/watch?v=XRizXIUU57g,No exact-recording production found,,C:\GitHub\Gurukuladesam-audit\production\thirukkural-batch-06\vinai_thooimai\VINAI-THOOIMAI-FILM.mp4,Prior classification: alternate recording of covered Thirukkural chapter; playlist-audit/thirukkural-production-completion-2026-09-28.json
8wZGK0nGTEo,வினைத்தூய்மை (Slow),https://www.youtube.com/watch?v=8wZGK0nGTEo,No exact-recording production found,,C:\GitHub\Gurukuladesam-audit\production\thirukkural-batch-06\vinai_thooimai\VINAI-THOOIMAI-FILM.mp4,Prior classification: alternate recording of covered Thirukkural chapter; playlist-audit/thirukkural-production-completion-2026-09-28.json
tj_5hsasdyU,ஒற்றாடல் (Remix),https://www.youtube.com/watch?v=tj_5hsasdyU,No exact-recording production found,,C:\GitHub\Gurukuladesam-audit\production\thirukkural-backlog-04\ottraadal\OTTRAADAL-CINEMATIC-v1.mp4,Prior classification: alternate recording of covered Thirukkural chapter; playlist-audit/thirukkural-production-completion-2026-09-28.json
Fh3HfGUObmg,மடியின்மை (Remix),https://www.youtube.com/watch?v=Fh3HfGUObmg,No exact-recording production found,,C:\GitHub\Gurukuladesam-audit\production\thirukkural-batch-04\madiyinmai\MADIYINMAI-FILM.mp4,Prior classification: alternate recording of covered Thirukkural chapter; playlist-audit/thirukkural-production-completion-2026-09-28.json
YBmfJyQNSCY,அரண் (Symphony),https://www.youtube.com/watch?v=YBmfJyQNSCY,Already started or claimed in shared workspace,unclaimed-group-batch-02\jobs.json | unclaimed-group-batch-02\ready.json | unclaimed-group-batch-02\aran_symphony\manifest.json,C:\GitHub\Gurukuladesam-audit\production\thirukkural-backlog-01\aran\ARAN-CINEMATIC-v1.mp4,Prior classification: alternate recording of covered Thirukkural chapter; playlist-audit/thirukkural-production-completion-2026-09-28.json
FXMVQIidbJU,ஊக்கமுடைமை (Remix),https://www.youtube.com/watch?v=FXMVQIidbJU,No exact-recording production found,,C:\GitHub\Gurukuladesam-audit\production\thirukkural-backlog-03\ookkamudaimai\OOKKAMUDAIMAI-CINEMATIC-groups-v2.mp4 | C:\GitHub\Gurukuladesam-audit\production\thirukkural-backlog-03\ookkamudaimai\OOKKAMUDAIMAI-CINEMATIC-v1.mp4,Prior classification: alternate recording of covered Thirukkural chapter; playlist-audit/thirukkural-production-completion-2026-09-28.json
PmziMZrMHfE,வெருவந்த செய்யாமை (Remix),https://www.youtube.com/watch?v=PmziMZrMHfE,No exact-recording production found,,C:\GitHub\Gurukuladesam-audit\production\thirukkural-batch-06\veruvantha_seyyaamai\VERUVANTHA-SEYYAAMAI-FILM.mp4,Prior classification: alternate recording of covered Thirukkural chapter; playlist-audit/thirukkural-production-completion-2026-09-28.json
37qaN4sG53k,ஆள்வினையுடைமை (Remix),https://www.youtube.com/watch?v=37qaN4sG53k,No exact-recording production found,,C:\GitHub\Gurukuladesam-audit\production\thirukkural-backlog-02\aalvinaiyudaimai\AALVINAIYUDAIMAI-CINEMATIC-groups-v2.mp4 | C:\GitHub\Gurukuladesam-audit\production\thirukkural-backlog-02\aalvinaiyudaimai\AALVINAIYUDAIMAI-CINEMATIC-v1.mp4,Prior classification: alternate recording of covered Thirukkural chapter; playlist-audit/thirukkural-production-completion-2026-09-28.json
E7yfNOiwJmM,கண்ணோட்டம் (Symphony),https://www.youtube.com/watch?v=E7yfNOiwJmM,No exact-recording production found,,C:\GitHub\Gurukuladesam-audit\production\thirukkural-backlog-04\kannottam\KANNOTTAM-CINEMATIC-v1.mp4,Prior classification: alternate recording of covered Thirukkural chapter; playlist-audit/thirukkural-production-completion-2026-09-28.json
Vj6wcfC3rPk,கண்ணோட்டம் (Remix),https://www.youtube.com/watch?v=Vj6wcfC3rPk,No exact-recording production found,,C:\GitHub\Gurukuladesam-audit\production\thirukkural-backlog-04\kannottam\KANNOTTAM-CINEMATIC-v1.mp4,Prior classification: alternate recording of covered Thirukkural chapter; playlist-audit/thirukkural-production-completion-2026-09-28.json
tLt9J-X9WOE,தெரிந்து தெளிதல் (Remix),https://www.youtube.com/watch?v=tLt9J-X9WOE,No exact-recording production found,,C:\GitHub\Gurukuladesam-audit\production\thirukkural-backlog-11\therinthu_thelithal\THERINTHU_THELITHAL-CINEMATIC-v1.mp4,Prior classification: alternate recording of covered Thirukkural chapter; playlist-audit/thirukkural-production-completion-2026-09-28.json
5coBrJy6a5M,செங்கோன்மை (Remix),https://www.youtube.com/watch?v=5coBrJy6a5M,No exact-recording production found,,C:\GitHub\Gurukuladesam-audit\production\thirukkural-backlog-07\sengonmai\SENGONMAI-CINEMATIC-v1.mp4,Prior classification: alternate recording of covered Thirukkural chapter; playlist-audit/thirukkural-production-completion-2026-09-28.json
01g0sJdaL2I,கொடுங்கோன்மை (Remix),https://www.youtube.com/watch?v=01g0sJdaL2I,No exact-recording production found,,C:\GitHub\Gurukuladesam-audit\production\thirukkural-backlog-06\kodungonmai\KODUNGONMAI-CINEMATIC-v1.mp4,Prior classification: alternate recording of covered Thirukkural chapter; playlist-audit/thirukkural-production-completion-2026-09-28.json
9-SvikTz2FU,சுற்றந்தழால் (Remix),https://www.youtube.com/watch?v=9-SvikTz2FU,No exact-recording production found,,C:\GitHub\Gurukuladesam-audit\production\thirukkural-backlog-07\suttranthazhaal\SUTTRANTHAZHAAL-CINEMATIC-v1.mp4,Prior classification: alternate recording of covered Thirukkural chapter; playlist-audit/thirukkural-production-completion-2026-09-28.json
DhHGetUJlAI,பொச்சாவாமை (Remix),https://www.youtube.com/watch?v=DhHGetUJlAI,No exact-recording production found,,C:\GitHub\Gurukuladesam-audit\production\thirukkural-batch-04\pocchaavaamai\POCCHAAVAAMAI-FILM.mp4,Prior classification: alternate recording of covered Thirukkural chapter; playlist-audit/thirukkural-production-completion-2026-09-28.json
F-aVgFOdKFo,தெரிந்து வினையாடல் (Remix),https://www.youtube.com/watch?v=F-aVgFOdKFo,No exact-recording production found,,C:\GitHub\Gurukuladesam-audit\production\thirukkural-batch-03\therinthu_vinaiyaadal\THERINTHU-VINAIYAADAL-FILM.mp4,Prior classification: alternate recording of covered Thirukkural chapter; playlist-audit/thirukkural-production-completion-2026-09-28.json
mpgnALSm7wk,தெரிந்து செயல்வகை (Female),https://www.youtube.com/watch?v=mpgnALSm7wk,No exact-recording production found,,C:\GitHub\Gurukuladesam-audit\production\thirukkural-backlog-11\therinthu_seyalvagai\THERINTHU_SEYALVAGAI-CINEMATIC-v1.mp4,Prior classification: alternate recording of covered Thirukkural chapter; playlist-audit/thirukkural-production-completion-2026-09-28.json
