Source ID,Song,Source URL,Existing chapter film,Previous composition classification
XwlGJp3gqCc,Thennadudaiya Sivaney Potri,https://www.youtube.com/watch?v=XwlGJp3gqCc,,Prior classification: same composition as existing or reserved film; Thennadudaiya Sivaney Potri
S9WQ-O0tZJI,திருப்படை ஆட்சி 2026 (திருவாசகம்) HipHop,https://www.youtube.com/watch?v=S9WQ-O0tZJI,,Prior classification: same composition as existing or reserved film; Thiruppadai Aatchi
u41L3XgIgGc,சிவ புராணம் 2026 | Shiva Puranam (Thiruvasagam),https://www.youtube.com/watch?v=u41L3XgIgGc,,Prior classification: same composition as existing or reserved film; Sivapuranam
PVcmqZuROSU,கந்தர் சஷ்டி துதி 2026 (Kandhar Shashti Thuthi),https://www.youtube.com/watch?v=PVcmqZuROSU,,Prior classification: same composition as existing or reserved film; Kandhar Shashti Thuthi
j1tzixa2raU,தென்னாடுடைய சிவனே போற்றி! 2026,https://www.youtube.com/watch?v=j1tzixa2raU,,Prior classification: same composition as existing or reserved film; Thennadudaiya Sivaney Potri
nutm-A24QcM,பிடியதன் உருவுமை,https://www.youtube.com/watch?v=nutm-A24QcM,,Prior classification: same composition as existing or reserved film; Pidiyathan Uruvumai
-unILRjNLHQ,Sree Subramanyar Thiruviruththam,https://www.youtube.com/watch?v=-unILRjNLHQ,,Prior classification: same composition as existing or reserved film; Siva Subramaniyar Thiruvirutham
3oJ2OPG-WCs,முத்தைத் தரு 2026 (திருப்புகழ்),https://www.youtube.com/watch?v=3oJ2OPG-WCs,,Prior classification: same composition as existing or reserved film; Muthai Tharu
w0lNqTk3QCU,Abirami Anthathi Thuthi,https://www.youtube.com/watch?v=w0lNqTk3QCU,,Prior classification: same composition as existing or reserved film; Abirami Anthathi Thuthi
J7sfVqWuxyU,Thiruvaiyaaru Thirumurai,https://www.youtube.com/watch?v=J7sfVqWuxyU,,Prior classification: same composition as existing or reserved film; Thiruvaiyaaru Thirumurai
fkgEbW9HdtI,மார்கழி திங்கள் (திருப்பாவை),https://www.youtube.com/watch?v=fkgEbW9HdtI,,Prior classification: same composition as existing or reserved film; Thiruppavai 1
phlMcxN_Cfw,வையத்து வாழ்வீர்காள்! (திருப்பாவை),https://www.youtube.com/watch?v=phlMcxN_Cfw,,Prior classification: same composition as existing or reserved film; Thiruppavai 2
pWSY0_0UQwc,திருவோத்தூர் பதிகம் 2026 (சாரம்),https://www.youtube.com/watch?v=pWSY0_0UQwc,,Prior classification: same composition as existing or reserved film; Thiruvothur Pathigam
l-JJXW1QKdg,Thillai Vazh Anthanar Tham,https://www.youtube.com/watch?v=l-JJXW1QKdg,,Prior classification: same composition as existing or reserved film; Thillai Vazh Anthanar
_DHXM8tymn8,Ragupathi Raghava Raja Ram,https://www.youtube.com/watch?v=_DHXM8tymn8,,Prior classification: same composition as existing or reserved film; Raghupati Raghava
Q2xax9mIhZw,Dhanam Tharum Abhirami,https://www.youtube.com/watch?v=Q2xax9mIhZw,,Prior classification: same composition as existing or reserved film; Dhanam Tharum Abirami
xc1iNs05Bkw,திருவெண்பா (hiphop),https://www.youtube.com/watch?v=xc1iNs05Bkw,,Prior classification: same composition as existing or reserved film; Thiruvenba
QFCD-U3sT4M,தென்னாடுடைய சிவனே போற்றி! 2026,https://www.youtube.com/watch?v=QFCD-U3sT4M,,Prior classification: same composition as existing or reserved film; Thennadudaiya Sivaney Potri
2vQYuvePk9U,திருவையாறு திருமுறை!,https://www.youtube.com/watch?v=2vQYuvePk9U,,Prior classification: same composition as existing or reserved film; Thiruvaiyaaru Thirumurai
uMK4LISQFE4,திருவருட்பா - திருமுல்லைவாயில்...,https://www.youtube.com/watch?v=uMK4LISQFE4,,Prior classification: same composition as existing or reserved film; Thirumullaivayil
HPP3IG7DWRc,ஹரே கிருஷ்ணா ஹரே ராமா!.m,https://www.youtube.com/watch?v=HPP3IG7DWRc,,Prior classification: same composition as existing or reserved film; Hare Krishna Hare Rama
Lzkbhp_ehA8,திருப்பாவை - 2 (வையத்து வாழ்வீர்),https://www.youtube.com/watch?v=Lzkbhp_ehA8,,Prior classification: same composition as existing or reserved film; Thiruppavai 2
AW4cljBWy2w,பாலும் தெளிர் தேனும்,https://www.youtube.com/watch?v=AW4cljBWy2w,,Prior classification: same composition as existing or reserved film; Paalum Thelithenum
Q5G2h9GuGQs,ரகுபதி ராகவ ராஜா ராம்!,https://www.youtube.com/watch?v=Q5G2h9GuGQs,,Prior classification: same composition as existing or reserved film; Raghupati Raghava
wXD_lSlfiSQ,நமச்சிவாய வாழ்க! Symphony,https://www.youtube.com/watch?v=wXD_lSlfiSQ,,Prior classification: same composition as existing or reserved film; Sivapuranam
YxP_uh3dM18,திருப்புகழ் 712 சீர் உலாவிய...,https://www.youtube.com/watch?v=YxP_uh3dM18,,Prior classification: same composition as existing or reserved film; Thiruppugazh 712
6cE4xUOmSzU,நமச்சிவாய வாழ்க! (சிவ புராணம்),https://www.youtube.com/watch?v=6cE4xUOmSzU,,Prior classification: same composition as existing or reserved film; Sivapuranam
zFb2PGEPrr4,திருவோத்தூர் பதிகம் (Original),https://www.youtube.com/watch?v=zFb2PGEPrr4,,Prior classification: same composition as existing or reserved film; Thiruvothur Pathigam
YycgNlQl6Go,திருவோத்தூர் பதிகம் - பூத்தேர்ந்து...,https://www.youtube.com/watch?v=YycgNlQl6Go,,Prior classification: same composition as existing or reserved film; Thiruvothur Pathigam
lneosghJWgs,திருக்குறள் அன்புடைமை,https://www.youtube.com/watch?v=lneosghJWgs,C:\GitHub\rama_krishna_cinematic_visual.mp4,Prior classification: alternate recording of covered Thirukkural chapter; playlist-audit/thirukkural-production-completion-2026-09-28.json
rq7PXPBI7SA,துறவு (Symphony),https://www.youtube.com/watch?v=rq7PXPBI7SA,C:\GitHub\Gurukuladesam-audit\production\thirukkural-backlog-10\thuravu\THURAVU-CINEMATIC-v1.mp4,Prior classification: alternate recording of covered Thirukkural chapter; playlist-audit/thirukkural-production-completion-2026-09-28.json
LjiR9PIRl8o,துறவு (Rock),https://www.youtube.com/watch?v=LjiR9PIRl8o,C:\GitHub\Gurukuladesam-audit\production\thirukkural-backlog-10\thuravu\THURAVU-CINEMATIC-v1.mp4,Prior classification: alternate recording of covered Thirukkural chapter; playlist-audit/thirukkural-production-completion-2026-09-28.json
FS5fUOxZySE,வலியறிதல் (Remix),https://www.youtube.com/watch?v=FS5fUOxZySE,C:\GitHub\Gurukuladesam-audit\production\thirukkural-batch-05\valiyarithal\VALIYARITHAL-FILM.mp4,Prior classification: alternate recording of covered Thirukkural chapter; playlist-audit/thirukkural-production-completion-2026-09-28.json
2Pun6K7h984,பெரியாரைத் துணைக்கோடல் (Remix),https://www.youtube.com/watch?v=2Pun6K7h984,C:\GitHub\Gurukuladesam-audit\production\thirukkural-batch-03\periyaarai_thunaikkodal\PERIYAARAI-THUNAIKKODAL-FILM.mp4,Prior classification: alternate recording of covered Thirukkural chapter; playlist-audit/thirukkural-production-completion-2026-09-28.json
0bz1myKXoJQ,அறிவுடைமை (Remix),https://www.youtube.com/watch?v=0bz1myKXoJQ,C:\GitHub\Gurukuladesam-audit\production\thirukkural-backlog-02\arivudaimai\ARIVUDAIMAI-CINEMATIC-groups-v2.mp4 | C:\GitHub\Gurukuladesam-audit\production\thirukkural-backlog-02\arivudaimai\ARIVUDAIMAI-CINEMATIC-v1.mp4,Prior classification: alternate recording of covered Thirukkural chapter; playlist-audit/thirukkural-production-completion-2026-09-28.json
bUepGv6PJQA,அறிவுடைமை (Pop),https://www.youtube.com/watch?v=bUepGv6PJQA,C:\GitHub\Gurukuladesam-audit\production\thirukkural-backlog-02\arivudaimai\ARIVUDAIMAI-CINEMATIC-groups-v2.mp4 | C:\GitHub\Gurukuladesam-audit\production\thirukkural-backlog-02\arivudaimai\ARIVUDAIMAI-CINEMATIC-v1.mp4,Prior classification: alternate recording of covered Thirukkural chapter; playlist-audit/thirukkural-production-completion-2026-09-28.json
UyCe3KLqY_8,சிற்றினம் சேராமை (Remix),https://www.youtube.com/watch?v=UyCe3KLqY_8,C:\GitHub\Gurukuladesam-audit\production\thirukkural-backlog-06\sitrinam_seraamai\SITRINAM_SERAAMAI-CINEMATIC-v1.mp4,Prior classification: alternate recording of covered Thirukkural chapter; playlist-audit/thirukkural-production-completion-2026-09-28.json
OzejLLvDq5s,குற்றங்கடிதல் (Remix),https://www.youtube.com/watch?v=OzejLLvDq5s,C:\GitHub\Gurukuladesam-audit\production\thirukkural-backlog-05\kuttrankadithal\KUTTRANKADITHAL-CINEMATIC-v1.mp4,Prior classification: alternate recording of covered Thirukkural chapter; playlist-audit/thirukkural-production-completion-2026-09-28.json
r75xdfETSbE,கேள்விச் செல்வம் (Remix),https://www.youtube.com/watch?v=r75xdfETSbE,C:\GitHub\Gurukuladesam-audit\production\thirukkural-backlog-06\kelvi_selvam\KELVI_SELVAM-CINEMATIC-v1.mp4,Prior classification: alternate recording of covered Thirukkural chapter; playlist-audit/thirukkural-production-completion-2026-09-28.json
RAUafMVpT5k,நாடு (Remix),https://www.youtube.com/watch?v=RAUafMVpT5k,C:\GitHub\Gurukuladesam-audit\production\thirukkural-batch-03\naadu\NAADU-FILM.mp4,Prior classification: alternate recording of covered Thirukkural chapter; playlist-audit/thirukkural-production-completion-2026-09-28.json
t9Ke0-KMTyM,அவை அஞ்சாமை (Symphony),https://www.youtube.com/watch?v=t9Ke0-KMTyM,C:\GitHub\Gurukuladesam-audit\production\thirukkural-backlog-01\avai_anjaamai\AVAI_ANJAAMAI-CINEMATIC-v1.mp4,Prior classification: alternate recording of covered Thirukkural chapter; playlist-audit/thirukkural-production-completion-2026-09-28.json
zq1dxg5R-rY,மன்னரைச் சேர்ந்தொழுதல் (Female),https://www.youtube.com/watch?v=zq1dxg5R-rY,C:\GitHub\Gurukuladesam-audit\production\thirukkural-batch-04\mannarai_sernthozhuthal\MANNARAI-SERNTHOZHUTHAL-FILM.mp4,Prior classification: alternate recording of covered Thirukkural chapter; playlist-audit/thirukkural-production-completion-2026-09-28.json
K35B1jST2xw,குறிப்பறிதல் (Symphony),https://www.youtube.com/watch?v=K35B1jST2xw,C:\GitHub\Gurukuladesam-audit\production\thirukkural-backlog-05\kuripparithal\KURIPPARITHAL-CINEMATIC-v1.mp4,Prior classification: alternate recording of covered Thirukkural chapter; playlist-audit/thirukkural-production-completion-2026-09-28.json
GN181JJ1lXU,குறிப்பறிதல் (Remix),https://www.youtube.com/watch?v=GN181JJ1lXU,C:\GitHub\Gurukuladesam-audit\production\thirukkural-backlog-05\kuripparithal\KURIPPARITHAL-CINEMATIC-v1.mp4,Prior classification: alternate recording of covered Thirukkural chapter; playlist-audit/thirukkural-production-completion-2026-09-28.json
HxxLl5p1t0A,அவையறிதல் (Sad),https://www.youtube.com/watch?v=HxxLl5p1t0A,C:\GitHub\Gurukuladesam-audit\production\thirukkural-backlog-02\avaiyarithal\AVAIYARITHAL-CINEMATIC-v1.mp4,Prior classification: alternate recording of covered Thirukkural chapter; playlist-audit/thirukkural-production-completion-2026-09-28.json
RY7nPGorS94,தூது (Remix),https://www.youtube.com/watch?v=RY7nPGorS94,C:\GitHub\Gurukuladesam-audit\production\thirukkural-backlog-11\thoothu\THOOTHU-CINEMATIC-v1.mp4,Prior classification: alternate recording of covered Thirukkural chapter; playlist-audit/thirukkural-production-completion-2026-09-28.json
MvwT6dnGE0U,வினைசெயல்வகை (Female),https://www.youtube.com/watch?v=MvwT6dnGE0U,C:\GitHub\Gurukuladesam-audit\production\thirukkural-batch-05\vinai_seyalvagai\VINAI-SEYALVAGAI-FILM.mp4,Prior classification: alternate recording of covered Thirukkural chapter; playlist-audit/thirukkural-production-completion-2026-09-28.json
ulW6fg4lkYA,இடுக்கண் அழியாமை (Remix),https://www.youtube.com/watch?v=ulW6fg4lkYA,C:\GitHub\Gurukuladesam-audit\production\thirukkural-backlog-03\idukkan_azhiyaamai\IDUKKAN_AZHIYAAMAI-CINEMATIC-groups-v2.mp4 | C:\GitHub\Gurukuladesam-audit\production\thirukkural-backlog-03\idukkan_azhiyaamai\IDUKKAN_AZHIYAAMAI-CINEMATIC-v1.mp4,Prior classification: alternate recording of covered Thirukkural chapter; playlist-audit/thirukkural-production-completion-2026-09-28.json
q2oGlYiV-qg,சொல்வன்மை (Remix),https://www.youtube.com/watch?v=q2oGlYiV-qg,C:\GitHub\Gurukuladesam-audit\production\thirukkural-backlog-07\solvanmai\SOLVANMAI-CINEMATIC-v1.mp4,Prior classification: alternate recording of covered Thirukkural chapter; playlist-audit/thirukkural-production-completion-2026-09-28.json
J-mAIpyxy4A,வினைத்திட்பம் (Remix),https://www.youtube.com/watch?v=J-mAIpyxy4A,C:\GitHub\Gurukuladesam-audit\production\thirukkural-batch-06\vinai_thitpam\VINAI-THITPAM-FILM.mp4,Prior classification: alternate recording of covered Thirukkural chapter; playlist-audit/thirukkural-production-completion-2026-09-28.json
XRizXIUU57g,வினைத்தூய்மை (Remix),https://www.youtube.com/watch?v=XRizXIUU57g,C:\GitHub\Gurukuladesam-audit\production\thirukkural-batch-06\vinai_thooimai\VINAI-THOOIMAI-FILM.mp4,Prior classification: alternate recording of covered Thirukkural chapter; playlist-audit/thirukkural-production-completion-2026-09-28.json
8wZGK0nGTEo,வினைத்தூய்மை (Slow),https://www.youtube.com/watch?v=8wZGK0nGTEo,C:\GitHub\Gurukuladesam-audit\production\thirukkural-batch-06\vinai_thooimai\VINAI-THOOIMAI-FILM.mp4,Prior classification: alternate recording of covered Thirukkural chapter; playlist-audit/thirukkural-production-completion-2026-09-28.json
tj_5hsasdyU,ஒற்றாடல் (Remix),https://www.youtube.com/watch?v=tj_5hsasdyU,C:\GitHub\Gurukuladesam-audit\production\thirukkural-backlog-04\ottraadal\OTTRAADAL-CINEMATIC-v1.mp4,Prior classification: alternate recording of covered Thirukkural chapter; playlist-audit/thirukkural-production-completion-2026-09-28.json
Fh3HfGUObmg,மடியின்மை (Remix),https://www.youtube.com/watch?v=Fh3HfGUObmg,C:\GitHub\Gurukuladesam-audit\production\thirukkural-batch-04\madiyinmai\MADIYINMAI-FILM.mp4,Prior classification: alternate recording of covered Thirukkural chapter; playlist-audit/thirukkural-production-completion-2026-09-28.json
FXMVQIidbJU,ஊக்கமுடைமை (Remix),https://www.youtube.com/watch?v=FXMVQIidbJU,C:\GitHub\Gurukuladesam-audit\production\thirukkural-backlog-03\ookkamudaimai\OOKKAMUDAIMAI-CINEMATIC-groups-v2.mp4 | C:\GitHub\Gurukuladesam-audit\production\thirukkural-backlog-03\ookkamudaimai\OOKKAMUDAIMAI-CINEMATIC-v1.mp4,Prior classification: alternate recording of covered Thirukkural chapter; playlist-audit/thirukkural-production-completion-2026-09-28.json
PmziMZrMHfE,வெருவந்த செய்யாமை (Remix),https://www.youtube.com/watch?v=PmziMZrMHfE,C:\GitHub\Gurukuladesam-audit\production\thirukkural-batch-06\veruvantha_seyyaamai\VERUVANTHA-SEYYAAMAI-FILM.mp4,Prior classification: alternate recording of covered Thirukkural chapter; playlist-audit/thirukkural-production-completion-2026-09-28.json
37qaN4sG53k,ஆள்வினையுடைமை (Remix),https://www.youtube.com/watch?v=37qaN4sG53k,C:\GitHub\Gurukuladesam-audit\production\thirukkural-backlog-02\aalvinaiyudaimai\AALVINAIYUDAIMAI-CINEMATIC-groups-v2.mp4 | C:\GitHub\Gurukuladesam-audit\production\thirukkural-backlog-02\aalvinaiyudaimai\AALVINAIYUDAIMAI-CINEMATIC-v1.mp4,Prior classification: alternate recording of covered Thirukkural chapter; playlist-audit/thirukkural-production-completion-2026-09-28.json
E7yfNOiwJmM,கண்ணோட்டம் (Symphony),https://www.youtube.com/watch?v=E7yfNOiwJmM,C:\GitHub\Gurukuladesam-audit\production\thirukkural-backlog-04\kannottam\KANNOTTAM-CINEMATIC-v1.mp4,Prior classification: alternate recording of covered Thirukkural chapter; playlist-audit/thirukkural-production-completion-2026-09-28.json
Vj6wcfC3rPk,கண்ணோட்டம் (Remix),https://www.youtube.com/watch?v=Vj6wcfC3rPk,C:\GitHub\Gurukuladesam-audit\production\thirukkural-backlog-04\kannottam\KANNOTTAM-CINEMATIC-v1.mp4,Prior classification: alternate recording of covered Thirukkural chapter; playlist-audit/thirukkural-production-completion-2026-09-28.json
tLt9J-X9WOE,தெரிந்து தெளிதல் (Remix),https://www.youtube.com/watch?v=tLt9J-X9WOE,C:\GitHub\Gurukuladesam-audit\production\thirukkural-backlog-11\therinthu_thelithal\THERINTHU_THELITHAL-CINEMATIC-v1.mp4,Prior classification: alternate recording of covered Thirukkural chapter; playlist-audit/thirukkural-production-completion-2026-09-28.json
5coBrJy6a5M,செங்கோன்மை (Remix),https://www.youtube.com/watch?v=5coBrJy6a5M,C:\GitHub\Gurukuladesam-audit\production\thirukkural-backlog-07\sengonmai\SENGONMAI-CINEMATIC-v1.mp4,Prior classification: alternate recording of covered Thirukkural chapter; playlist-audit/thirukkural-production-completion-2026-09-28.json
01g0sJdaL2I,கொடுங்கோன்மை (Remix),https://www.youtube.com/watch?v=01g0sJdaL2I,C:\GitHub\Gurukuladesam-audit\production\thirukkural-backlog-06\kodungonmai\KODUNGONMAI-CINEMATIC-v1.mp4,Prior classification: alternate recording of covered Thirukkural chapter; playlist-audit/thirukkural-production-completion-2026-09-28.json
9-SvikTz2FU,சுற்றந்தழால் (Remix),https://www.youtube.com/watch?v=9-SvikTz2FU,C:\GitHub\Gurukuladesam-audit\production\thirukkural-backlog-07\suttranthazhaal\SUTTRANTHAZHAAL-CINEMATIC-v1.mp4,Prior classification: alternate recording of covered Thirukkural chapter; playlist-audit/thirukkural-production-completion-2026-09-28.json
DhHGetUJlAI,பொச்சாவாமை (Remix),https://www.youtube.com/watch?v=DhHGetUJlAI,C:\GitHub\Gurukuladesam-audit\production\thirukkural-batch-04\pocchaavaamai\POCCHAAVAAMAI-FILM.mp4,Prior classification: alternate recording of covered Thirukkural chapter; playlist-audit/thirukkural-production-completion-2026-09-28.json
F-aVgFOdKFo,தெரிந்து வினையாடல் (Remix),https://www.youtube.com/watch?v=F-aVgFOdKFo,C:\GitHub\Gurukuladesam-audit\production\thirukkural-batch-03\therinthu_vinaiyaadal\THERINTHU-VINAIYAADAL-FILM.mp4,Prior classification: alternate recording of covered Thirukkural chapter; playlist-audit/thirukkural-production-completion-2026-09-28.json
mpgnALSm7wk,தெரிந்து செயல்வகை (Female),https://www.youtube.com/watch?v=mpgnALSm7wk,C:\GitHub\Gurukuladesam-audit\production\thirukkural-backlog-11\therinthu_seyalvagai\THERINTHU_SEYALVAGAI-CINEMATIC-v1.mp4,Prior classification: alternate recording of covered Thirukkural chapter; playlist-audit/thirukkural-production-completion-2026-09-28.json
